beat_index,sample,time_s,symbol,hr_bpm
0,487,1.3527777777777779,N,82.44274809160305
1,689,1.913888888888889,V,106.93069306930693
2,964,2.6777777777777776,N,78.54545454545455
3,1147,3.186111111111111,V,118.03278688524591
4,1433,3.9805555555555556,N,75.52447552447553
5,1610,4.472222222222222,V,122.03389830508475
6,1882,5.227777777777778,N,79.41176470588235
7,2072,5.7555555555555555,V,113.68421052631578
8,2331,6.475,N,83.3976833976834
9,2506,6.961111111111111,V,123.42857142857143
10,2784,7.733333333333333,N,77.6978417266187
11,2989,8.302777777777777,V,105.3658536585366
12,3300,9.166666666666666,N,69.45337620578778
13,3484,9.677777777777777,V,117.3913043478261
14,3738,10.383333333333333,N,85.03937007874015
15,3975,11.041666666666666,N,91.13924050632912
16,4201,11.669444444444444,N,95.57522123893806
17,4416,12.266666666666667,N,100.46511627906978
18,4646,12.905555555555555,N,93.91304347826087
19,4880,13.555555555555555,N,92.3076923076923
20,5134,14.261111111111111,N,85.03937007874015
21,5381,14.947222222222223,N,87.4493927125506
22,5605,15.569444444444445,N,96.42857142857143
23,5821,16.169444444444444,N,100.0
24,6087,16.908333333333335,N,81.203007518797
25,6285,17.458333333333332,V,109.09090909090908
26,6547,18.18611111111111,N,82.44274809160305
27,6718,18.66111111111111,V,126.31578947368422
28,7076,19.655555555555555,N,60.33519553072625
29,7260,20.166666666666668,V,117.3913043478261
30,7455,20.708333333333332,V,110.76923076923077
31,7899,21.941666666666666,N,48.648648648648646
32,8074,22.427777777777777,V,123.42857142857143
33,8394,23.316666666666666,N,67.5
34,8577,23.825,V,118.03278688524591
35,8726,24.238888888888887,V,144.96644295302013
36,9170,25.47222222222222,N,48.648648648648646
37,9384,26.066666666666666,V,100.93457943925233
38,9710,26.97222222222222,N,66.25766871165644
39,9963,27.675,N,85.37549407114625
40,10197,28.325,N,92.3076923076923
41,10436,28.988888888888887,N,90.3765690376569
42,10673,29.647222222222222,N,91.13924050632912
43,10901,30.280555555555555,N,94.73684210526316
44,11132,30.92222222222222,N,93.5064935064935
45,11361,31.558333333333334,N,94.3231441048035
46,11617,32.269444444444446,N,84.375
47,11857,32.93611111111111,N,90.0
48,12159,33.775,N,71.52317880794702
49,12364,34.34444444444444,V,105.3658536585366
50,12721,35.33611111111111,N,60.50420168067227
51,12900,35.833333333333336,V,120.6703910614525
52,13052,36.25555555555555,V,142.10526315789474
53,13522,37.56111111111111,N,45.95744680851064
54,13733,38.147222222222226,V,102.3696682464455
55,14101,39.169444444444444,N,58.69565217391305
56,14360,39.888888888888886,N,83.3976833976834
57,14538,40.38333333333333,V,121.34831460674157
58,14903,41.397222222222226,N,59.178082191780824
59,15085,41.90277777777778,V,118.68131868131869
60,15410,42.80555555555556,N,66.46153846153847
61,15595,43.31944444444444,V,116.75675675675677
62,15928,44.24444444444445,N,64.86486486486486
63,16195,44.986111111111114,N,80.89887640449437
64,16385,45.513888888888886,V,113.68421052631578
65,16695,46.375,N,69.6774193548387
66,16880,46.888888888888886,V,116.75675675675677
67,17164,47.67777777777778,N,76.05633802816902
68,17338,48.16111111111111,V,124.13793103448276
69,17666,49.07222222222222,N,65.85365853658537
70,17860,49.611111111111114,V,111.34020618556701
71,18199,50.55277777777778,N,63.716814159292035
72,18383,51.06388888888889,V,117.3913043478261
73,18697,51.93611111111111,N,68.78980891719745
74,18939,52.608333333333334,N,89.25619834710743
75,19128,53.13333333333333,V,114.28571428571428
76,19432,53.977777777777774,N,71.05263157894737
77,19606,54.46111111111111,V,124.13793103448276
78,19915,55.31944444444444,N,69.90291262135922
79,20099,55.830555555555556,V,117.3913043478261
80,20430,56.75,N,65.25679758308158
81,20641,57.33611111111111,V,102.3696682464455
82,20953,58.202777777777776,N,69.23076923076923
83,21120,58.666666666666664,V,129.34131736526945
84,21390,59.416666666666664,N,80.0
85,21574,59.92777777777778,V,117.3913043478261
86,21873,60.75833333333333,N,72.24080267558529
87,22057,61.269444444444446,V,117.3913043478261
88,22388,62.18888888888889,N,65.25679758308158
89,22646,62.90555555555556,N,83.72093023255813
90,22880,63.55555555555556,N,92.3076923076923
91,23122,64.22777777777777,N,89.25619834710743
92,23347,64.85277777777777,N,96.0
93,23602,65.56111111111112,N,84.70588235294117
94,23857,66.26944444444445,N,84.70588235294117
95,24098,66.93888888888888,N,89.62655601659752
96,24341,67.6138888888889,N,88.88888888888889
97,24595,68.31944444444444,N,85.03937007874015
98,24824,68.95555555555555,N,94.3231441048035
99,25102,69.72777777777777,N,77.6978417266187
100,25313,70.31388888888888,V,102.3696682464455
101,25627,71.18611111111112,N,68.78980891719745
102,25795,71.65277777777777,V,128.57142857142856
103,25993,72.20277777777778,V,109.09090909090908
104,26387,73.29722222222222,N,54.8223350253807
105,26595,73.875,V,103.84615384615385
106,26918,74.77222222222223,N,66.87306501547987
107,27109,75.30277777777778,V,113.08900523560209
108,27474,76.31666666666666,N,59.178082191780824
109,27652,76.81111111111112,V,121.34831460674157
110,28018,77.82777777777778,N,59.016393442622956
111,28203,78.34166666666667,V,116.75675675675677
112,28559,79.33055555555555,N,60.674157303370784
113,28747,79.85277777777777,V,114.89361702127658
114,29108,80.85555555555555,N,59.83379501385041
115,29311,81.41944444444445,V,106.4039408866995
116,29662,82.39444444444445,N,61.53846153846154
117,29896,83.04444444444445,N,92.3076923076923
118,30123,83.675,N,95.15418502202644
119,30286,84.12777777777778,V,132.51533742331287
120,30597,84.99166666666666,N,69.45337620578778
121,30788,85.52222222222223,V,113.08900523560209
122,31128,86.46666666666667,N,63.529411764705884
123,31323,87.00833333333334,V,110.76923076923077
124,31615,87.81944444444444,N,73.97260273972603
125,31793,88.31388888888888,V,121.34831460674157
126,32095,89.15277777777777,N,71.52317880794702
127,32286,89.68333333333334,V,113.08900523560209
128,32599,90.55277777777778,N,69.00958466453675
129,32770,91.02777777777777,V,126.31578947368422
130,33099,91.94166666666666,N,65.65349544072949
131,33367,92.68611111111112,N,80.59701492537313
132,33637,93.43611111111112,N,80.0
133,33908,94.18888888888888,N,79.70479704797049
134,34159,94.8861111111111,N,86.05577689243029
135,34408,95.57777777777778,N,86.74698795180723
136,34660,96.27777777777777,N,85.71428571428572
137,34945,97.06944444444444,N,75.78947368421053
138,35234,97.87222222222222,N,74.74048442906575
139,35531,98.69722222222222,N,72.72727272727273
140,35884,99.67777777777778,N,61.18980169971672
141,36087,100.24166666666666,V,106.4039408866995
142,36445,101.23611111111111,N,60.33519553072625
143,36629,101.74722222222222,V,117.3913043478261
144,36994,102.7611111111111,N,59.178082191780824
145,37184,103.28888888888889,V,113.68421052631578
146,37556,104.32222222222222,N,58.06451612903225
147,37789,104.96944444444445,V,92.7038626609442
148,38127,105.90833333333333,N,63.905325443786985
149,38319,106.44166666666666,V,112.5
150,38635,107.31944444444444,N,68.35443037974683
151,38810,107.80555555555556,V,123.42857142857143
152,39129,108.69166666666666,N,67.7115987460815
153,39319,109.21944444444445,V,113.68421052631578
154,39484,109.67777777777778,V,130.9090909090909
155,39791,110.53055555555555,V,70.35830618892508
156,40200,111.66666666666667,N,52.81173594132029
157,40377,112.15833333333333,V,122.03389830508475
158,40688,113.02222222222223,N,69.45337620578778
159,40889,113.58055555555555,V,107.46268656716417
160,41164,114.34444444444445,N,78.54545454545455
161,41355,114.875,V,113.08900523560209
162,41732,115.92222222222222,N,57.29442970822281
163,41928,116.46666666666667,V,110.20408163265307
164,42277,117.43611111111112,N,61.891117478510026
165,42542,118.17222222222222,N,81.50943396226414
166,42730,118.69444444444444,V,114.89361702127658
167,43032,119.53333333333333,N,71.52317880794702
168,43212,120.03333333333333,V,120.0
169,43516,120.87777777777778,N,71.05263157894737
170,43722,121.45,V,104.85436893203884
171,44063,122.39722222222223,N,63.34310850439883
172,44261,122.94722222222222,V,109.09090909090908
173,44569,123.80277777777778,N,70.12987012987013
174,44756,124.32222222222222,V,115.50802139037432
175,45060,125.16666666666667,N,71.05263157894737
176,45245,125.68055555555556,V,116.75675675675677
177,45569,126.58055555555555,N,66.66666666666667
178,45759,127.10833333333333,V,113.68421052631578
179,46085,128.01388888888889,N,66.25766871165644
180,46270,128.52777777777777,V,116.75675675675677
181,46608,129.46666666666667,N,63.905325443786985
182,46835,130.09722222222223,N,95.15418502202644
183,47027,130.63055555555556,V,112.5
184,47352,131.53333333333333,N,66.46153846153847
185,47544,132.06666666666666,V,112.5
186,47857,132.9361111111111,N,69.00958466453675
187,48043,133.45277777777778,V,116.1290322580645
188,48374,134.37222222222223,N,65.25679758308158
189,48710,135.30555555555554,N,64.28571428571428
190,49016,136.15555555555557,N,70.58823529411765
191,49273,136.86944444444444,N,84.04669260700389
192,49553,137.6472222222222,N,77.14285714285714
193,49834,138.42777777777778,N,76.86832740213524
194,50112,139.2,N,77.6978417266187
195,50385,139.95833333333334,N,79.12087912087912
196,50660,140.72222222222223,N,78.54545454545455
197,50927,141.4638888888889,N,80.89887640449437
198,51197,142.2138888888889,N,80.0
199,51461,142.94722222222222,N,81.81818181818183
200,51707,143.63055555555556,N,87.80487804878048
201,51954,144.31666666666666,N,87.4493927125506
202,52200,145.0,N,87.80487804878048
203,52486,145.79444444444445,N,75.52447552447553
204,52784,146.62222222222223,N,72.48322147651007
205,53063,147.3972222222222,N,77.41935483870968
206,53300,148.05555555555554,N,91.13924050632912
207,53541,148.725,N,89.62655601659752
208,53789,149.4138888888889,N,87.09677419354838
209,54037,150.1027777777778,N,87.09677419354838
210,54289,150.80277777777778,N,85.71428571428572
211,54555,151.54166666666666,N,81.203007518797
212,54823,152.2861111111111,N,80.59701492537313
213,55070,152.97222222222223,N,87.4493927125506
214,55329,153.69166666666666,N,83.3976833976834
215,55604,154.45555555555555,N,78.54545454545455
216,55845,155.125,N,89.62655601659752
217,56080,155.77777777777777,N,91.91489361702128
218,56321,156.44722222222222,N,89.62655601659752
219,56571,157.14166666666668,N,86.4
220,56820,157.83333333333334,N,86.74698795180723
221,57096,158.6,N,78.26086956521739
222,57375,159.375,N,77.41935483870968
223,57618,160.05,N,88.88888888888889
224,57857,160.7138888888889,N,90.3765690376569
225,58096,161.37777777777777,N,90.3765690376569
226,58352,162.0888888888889,N,84.375
227,58608,162.8,N,84.375
228,58878,163.55,N,80.0
229,59140,164.27777777777777,N,82.44274809160305
230,59399,164.99722222222223,N,83.3976833976834
231,59649,165.69166666666666,N,86.4
232,59905,166.40277777777777,N,84.375
233,60162,167.11666666666667,N,84.04669260700389
234,60402,167.78333333333333,N,90.0
235,60646,168.4611111111111,N,88.52459016393442
236,60883,169.11944444444444,N,91.13924050632912
237,61148,169.85555555555555,N,81.50943396226414
238,61436,170.65555555555557,N,75.0
239,61706,171.40555555555557,N,80.0
240,61947,172.075,N,89.62655601659752
241,62182,172.7277777777778,N,91.91489361702128
242,62424,173.4,N,89.25619834710743
243,62671,174.0861111111111,N,87.4493927125506
244,62920,174.77777777777777,N,86.74698795180723
245,63181,175.50277777777777,N,82.75862068965517
246,63444,176.23333333333332,N,82.12927756653993
247,63633,176.75833333333333,V,114.28571428571428
248,63859,177.38611111111112,V,95.57522123893806
249,64209,178.35833333333332,N,61.714285714285715
250,64395,178.875,V,116.1290322580645
251,64628,179.5222222222222,V,92.7038626609442
252,64936,180.37777777777777,N,70.12987012987013
253,65114,180.87222222222223,V,121.34831460674157
254,65441,181.78055555555557,N,66.05504587155963
255,65638,182.32777777777778,V,109.6446700507614
256,65988,183.3,N,61.714285714285715
257,66173,183.8138888888889,V,116.75675675675677
258,66478,184.6611111111111,N,70.81967213114754
259,66647,185.13055555555556,V,127.81065088757397
260,66953,185.98055555555555,N,70.58823529411765
261,67155,186.54166666666666,V,106.93069306930693
262,67471,187.41944444444445,N,68.35443037974683
263,67668,187.96666666666667,V,109.6446700507614
264,67997,188.88055555555556,N,65.65349544072949
265,68191,189.41944444444445,V,111.34020618556701
266,68514,190.31666666666666,N,66.87306501547987
267,68701,190.8361111111111,V,115.50802139037432
268,69036,191.76666666666668,N,64.4776119402985
269,69212,192.25555555555556,V,122.72727272727273
270,69532,193.14444444444445,N,67.5
271,69754,193.76111111111112,V,97.29729729729729
272,70100,194.72222222222223,N,62.42774566473988
273,70307,195.29722222222222,V,104.34782608695653
274,70618,196.1611111111111,N,69.45337620578778
275,70798,196.6611111111111,V,120.0
276,71086,197.4611111111111,N,75.0
277,71261,197.94722222222222,V,123.42857142857143
278,71576,198.82222222222222,N,68.57142857142857
279,71819,199.49722222222223,V,88.88888888888889
280,72110,200.30555555555554,N,74.22680412371133
281,72320,200.88888888888889,V,102.85714285714285
282,72612,201.7,N,73.97260273972603
283,72805,202.23611111111111,V,111.91709844559585
284,73125,203.125,N,67.5
285,73309,203.63611111111112,V,117.3913043478261
286,73599,204.44166666666666,N,74.48275862068965
287,73788,204.96666666666667,V,114.28571428571428
288,74094,205.81666666666666,N,70.58823529411765
289,74282,206.3388888888889,V,114.89361702127658
290,74596,207.2111111111111,N,68.78980891719745
291,74853,207.925,N,84.04669260700389
292,75084,208.56666666666666,N,93.5064935064935
293,75318,209.21666666666667,N,92.3076923076923
294,75517,209.76944444444445,A,108.54271356783919
295,75785,210.51388888888889,N,80.59701492537313
296,76059,211.275,N,78.83211678832117
297,76333,212.0361111111111,N,78.83211678832117
298,76583,212.73055555555555,N,86.4
299,76841,213.44722222222222,N,83.72093023255813
300,77100,214.16666666666666,N,83.3976833976834
301,77346,214.85,N,87.80487804878048
302,77564,215.45555555555555,V,99.08256880733946
303,77856,216.26666666666668,N,73.97260273972603
304,78043,216.7861111111111,V,115.50802139037432
305,78374,217.70555555555555,N,65.25679758308158
306,78565,218.23611111111111,V,113.08900523560209
307,78948,219.3,N,56.39686684073107
308,79133,219.8138888888889,V,116.75675675675677
309,79451,220.69722222222222,N,67.9245283018868
310,79657,221.26944444444445,V,104.85436893203884
311,79935,222.04166666666666,N,77.6978417266187
312,80174,222.70555555555555,N,90.3765690376569
313,80438,223.4388888888889,N,81.81818181818183
314,80686,224.12777777777777,V,87.09677419354838
315,80972,224.92222222222222,N,75.52447552447553
316,81170,225.47222222222223,V,109.09090909090908
317,81459,226.275,N,74.74048442906575
318,81653,226.8138888888889,V,111.34020618556701
319,81962,227.67222222222222,N,69.90291262135922
320,82144,228.17777777777778,V,118.68131868131869
321,82428,228.96666666666667,N,76.05633802816902
322,82613,229.48055555555555,V,116.75675675675677
323,82764,229.9,V,143.04635761589404
324,83181,231.05833333333334,N,51.798561151079134
325,83371,231.5861111111111,V,113.68421052631578
326,83667,232.40833333333333,N,72.97297297297298
327,83909,233.08055555555555,N,89.25619834710743
328,84125,233.68055555555554,N,100.0
329,84351,234.30833333333334,N,95.57522123893806
330,84595,234.98611111111111,N,88.52459016393442
331,84845,235.68055555555554,N,86.4
332,85098,236.38333333333333,N,85.37549407114625
333,85321,237.00277777777777,N,96.8609865470852
334,85547,237.63055555555556,N,95.57522123893806
335,85791,238.30833333333334,N,88.52459016393442
336,85981,238.8361111111111,A,113.68421052631578
337,86230,239.52777777777777,N,86.74698795180723
338,86473,240.20277777777778,N,88.88888888888889
339,86694,240.81666666666666,N,97.73755656108597
340,86927,241.4638888888889,N,92.7038626609442
341,87160,242.11111111111111,N,92.7038626609442
342,87340,242.61111111111111,V,120.0
343,87666,243.51666666666668,N,66.25766871165644
344,87848,244.0222222222222,V,118.68131868131869
345,88135,244.81944444444446,N,75.26132404181185
346,88356,245.43333333333334,N,97.73755656108597
347,88572,246.03333333333333,N,100.0
348,88801,246.66944444444445,N,94.3231441048035
349,89037,247.325,N,91.52542372881356
350,89285,248.01388888888889,N,87.09677419354838
351,89549,248.74722222222223,N,81.81818181818183
352,89784,249.4,N,91.91489361702128
353,90008,250.0222222222222,N,96.42857142857143
354,90228,250.63333333333333,N,98.18181818181817
355,90463,251.2861111111111,N,91.91489361702128
356,90704,251.95555555555555,N,89.62655601659752
357,90940,252.61111111111111,N,91.52542372881356
358,91173,253.25833333333333,N,92.7038626609442
359,91408,253.9111111111111,N,91.91489361702128
360,91663,254.61944444444444,N,84.70588235294117
361,91898,255.2722222222222,N,91.91489361702128
362,92140,255.94444444444446,N,89.25619834710743
363,92383,256.61944444444447,N,88.88888888888889
364,92581,257.1694444444444,V,109.09090909090908
365,92834,257.8722222222222,N,85.37549407114625
366,93032,258.4222222222222,N,109.09090909090908
367,93287,259.13055555555553,N,84.70588235294117
368,93511,259.7527777777778,V,96.42857142857143
369,93818,260.60555555555555,N,70.35830618892508
370,94047,261.2416666666667,V,94.3231441048035
371,94292,261.9222222222222,N,88.16326530612244
372,94517,262.5472222222222,N,96.0
373,94736,263.15555555555557,N,98.63013698630138
374,94965,263.7916666666667,N,94.3231441048035
375,95196,264.43333333333334,N,93.5064935064935
376,95405,265.0138888888889,V,103.34928229665071
377,95676,265.76666666666665,N,79.70479704797049
378,95913,266.425,N,91.13924050632912
379,96152,267.0888888888889,N,90.3765690376569
380,96354,267.65,V,106.93069306930693
381,96637,268.43611111111113,N,76.32508833922262
382,96819,268.94166666666666,V,118.68131868131869
383,97073,269.64722222222224,N,85.03937007874015
384,97290,270.25,N,99.53917050691244
385,97511,270.8638888888889,N,97.73755656108597
386,97734,271.48333333333335,N,96.8609865470852
387,97983,272.175,N,86.74698795180723
388,98234,272.8722222222222,N,86.05577689243029
389,98471,273.53055555555557,N,91.13924050632912
390,98661,274.05833333333334,V,113.68421052631578
391,98907,274.7416666666667,V,87.80487804878048
392,99123,275.34166666666664,N,100.0
393,99361,276.0027777777778,N,90.75630252100841
394,99592,276.64444444444445,N,93.5064935064935
395,99832,277.31111111111113,N,90.0
396,99998,277.77222222222224,V,130.12048192771084
397,100289,278.5805555555556,N,74.22680412371133
398,100529,279.2472222222222,N,90.0
399,100748,279.85555555555555,N,98.63013698630138
400,100949,280.4138888888889,V,107.46268656716417
401,101213,281.14722222222224,N,81.81818181818183
402,101386,281.6277777777778,V,124.85549132947976
403,101648,282.35555555555555,N,82.44274809160305
404,101859,282.94166666666666,N,102.3696682464455
405,102083,283.56388888888887,N,96.42857142857143
406,102352,284.31111111111113,N,80.29739776951672
407,102593,284.98055555555555,N,89.62655601659752
408,102825,285.625,N,93.10344827586206
409,103032,286.2,N,104.34782608695653
410,103238,286.77222222222224,N,104.85436893203884
411,103452,287.3666666666667,N,100.93457943925233
412,103658,287.93888888888887,N,104.85436893203884
413,103878,288.55,N,98.18181818181817
414,104095,289.15277777777777,V,99.53917050691244
415,104336,289.8222222222222,N,89.62655601659752
416,104533,290.36944444444447,V,109.6446700507614
417,104786,291.0722222222222,N,85.37549407114625
418,105015,291.7083333333333,N,94.3231441048035
419,105251,292.3638888888889,N,91.52542372881356
420,105466,292.9611111111111,N,100.46511627906978
421,105681,293.55833333333334,N,100.46511627906978
422,105863,294.06388888888887,V,118.68131868131869
423,106085,294.68055555555554,N,97.29729729729729
424,106262,295.1722222222222,V,122.03389830508475
425,106528,295.9111111111111,N,81.203007518797
426,106771,296.5861111111111,N,88.88888888888889
427,107015,297.2638888888889,N,88.52459016393442
428,107236,297.8777777777778,N,97.73755656108597
429,107453,298.48055555555555,N,99.53917050691244
430,107656,299.0444444444444,N,106.4039408866995
431,107867,299.63055555555553,N,102.3696682464455
432,108094,300.2611111111111,N,95.15418502202644
433,108321,300.89166666666665,N,95.15418502202644
434,108533,301.48055555555555,V,101.88679245283019
435,108779,302.1638888888889,N,87.80487804878048
436,109014,302.81666666666666,N,91.91489361702128
437,109245,303.4583333333333,N,93.5064935064935
438,109457,304.0472222222222,N,101.88679245283019
439,109682,304.6722222222222,N,96.0
440,109879,305.21944444444443,V,109.6446700507614
441,110122,305.89444444444445,N,88.88888888888889
442,110335,306.4861111111111,N,101.40845070422534
443,110542,307.06111111111113,N,104.34782608695653
444,110725,307.56944444444446,V,118.03278688524591
445,111000,308.3333333333333,N,78.54545454545455
446,111223,308.9527777777778,V,96.8609865470852
447,111479,309.6638888888889,N,84.375
448,111700,310.27777777777777,N,97.73755656108597
449,111902,310.8388888888889,N,106.93069306930693
450,112101,311.39166666666665,N,108.54271356783919
451,112306,311.9611111111111,N,105.3658536585366
452,112509,312.525,N,106.4039408866995
453,112736,313.15555555555557,N,95.15418502202644
454,112970,313.80555555555554,V,92.3076923076923
455,113206,314.4611111111111,N,91.52542372881356
456,113404,315.0111111111111,V,109.09090909090908
457,113637,315.65833333333336,N,92.7038626609442
458,113834,316.2055555555556,V,109.6446700507614
459,114093,316.925,N,83.3976833976834
460,114287,317.4638888888889,V,111.34020618556701
461,114521,318.1138888888889,N,92.3076923076923
462,114719,318.6638888888889,N,109.09090909090908
463,114932,319.25555555555553,N,101.40845070422534
464,115144,319.84444444444443,V,101.88679245283019
465,115376,320.4888888888889,N,93.10344827586206
466,115613,321.14722222222224,N,91.13924050632912
467,115839,321.775,N,95.57522123893806
468,116039,322.3305555555556,V,108.0
469,116262,322.95,N,96.8609865470852
470,116436,323.43333333333334,V,124.13793103448276
471,116662,324.06111111111113,N,95.57522123893806
472,116861,324.6138888888889,V,108.54271356783919
473,117121,325.3361111111111,N,83.07692307692308
474,117313,325.86944444444447,V,112.5
475,117579,326.60833333333335,N,81.203007518797
476,117805,327.2361111111111,N,95.57522123893806
477,118017,327.825,N,101.88679245283019
478,118211,328.3638888888889,V,111.34020618556701
479,118444,329.0111111111111,N,92.7038626609442
480,118623,329.5083333333333,V,120.6703910614525
481,118881,330.225,N,83.72093023255813
482,119096,330.8222222222222,N,100.46511627906978
483,119325,331.4583333333333,N,94.3231441048035
484,119538,332.05,N,101.40845070422534
485,119785,332.7361111111111,N,87.4493927125506
486,120016,333.3777777777778,V,93.5064935064935
487,120253,334.0361111111111,N,91.13924050632912
488,120442,334.56111111111113,V,114.28571428571428
489,120673,335.2027777777778,N,93.5064935064935
490,120878,335.77222222222224,N,105.3658536585366
491,121097,336.38055555555553,N,98.63013698630138
492,121288,336.9111111111111,V,113.08900523560209
493,121547,337.63055555555553,N,83.3976833976834
494,121759,338.21944444444443,V,101.88679245283019
495,122042,339.00555555555553,N,76.32508833922262
496,122268,339.6333333333333,N,95.57522123893806
497,122484,340.23333333333335,N,100.0
498,122696,340.8222222222222,N,101.88679245283019
499,122942,341.50555555555553,N,87.80487804878048
500,123128,342.02222222222224,V,116.1290322580645
501,123390,342.75,N,82.44274809160305
502,123612,343.3666666666667,N,97.29729729729729
503,123838,343.99444444444447,N,95.57522123893806
504,124077,344.65833333333336,N,90.3765690376569
505,124322,345.3388888888889,N,88.16326530612244
506,124540,345.94444444444446,V,99.08256880733946
507,124787,346.63055555555553,N,87.4493927125506
508,124976,347.15555555555557,V,114.28571428571428
509,125222,347.8388888888889,N,87.80487804878048
510,125441,348.4472222222222,N,98.63013698630138
511,125684,349.1222222222222,N,88.88888888888889
512,125923,349.7861111111111,N,90.3765690376569
513,126168,350.46666666666664,N,88.16326530612244
514,126411,351.14166666666665,N,88.88888888888889
515,126641,351.78055555555557,N,93.91304347826087
516,126860,352.3888888888889,V,98.63013698630138
517,127078,352.99444444444447,N,99.08256880733946
518,127277,353.5472222222222,V,108.54271356783919
519,127542,354.28333333333336,N,81.50943396226414
520,127733,354.81388888888887,V,113.08900523560209
521,128008,355.5777777777778,N,78.54545454545455
522,128203,356.11944444444447,V,110.76923076923077
523,128489,356.9138888888889,N,75.52447552447553
524,128740,357.6111111111111,N,86.05577689243029
525,128982,358.28333333333336,N,89.25619834710743
526,129215,358.93055555555554,N,92.7038626609442
527,129418,359.49444444444447,N,106.4039408866995
528,129636,360.1,N,99.08256880733946
529,129870,360.75,N,92.3076923076923
530,130087,361.35277777777776,N,99.53917050691244
531,130339,362.0527777777778,N,85.71428571428572
532,130584,362.73333333333335,N,88.16326530612244
533,130842,363.45,N,83.72093023255813
534,131042,364.00555555555553,V,108.0
535,131284,364.6777777777778,N,89.25619834710743
536,131466,365.18333333333334,V,118.68131868131869
537,131754,365.98333333333335,N,75.0
538,131989,366.6361111111111,N,91.91489361702128
539,132235,367.31944444444446,N,87.80487804878048
540,132468,367.96666666666664,N,92.7038626609442
541,132704,368.6222222222222,N,91.52542372881356
542,132929,369.2472222222222,N,96.0
543,133096,369.7111111111111,V,129.34131736526945
544,133419,370.60833333333335,N,66.87306501547987
545,133618,371.1611111111111,V,108.54271356783919
546,133877,371.88055555555553,N,83.3976833976834
547,134111,372.53055555555557,N,92.3076923076923
548,134336,373.15555555555557,N,96.0
549,134598,373.8833333333333,N,82.44274809160305
550,134883,374.675,N,75.78947368421053
551,135131,375.3638888888889,N,87.09677419354838
552,135362,376.00555555555553,N,93.5064935064935
553,135583,376.61944444444447,N,97.73755656108597
554,135819,377.275,N,91.52542372881356
555,136034,377.8722222222222,N,100.46511627906978
556,136272,378.53333333333336,N,90.75630252100841
557,136520,379.22222222222223,N,87.09677419354838
558,136761,379.89166666666665,N,89.62655601659752
559,137014,380.59444444444443,N,85.37549407114625
560,137244,381.23333333333335,N,93.91304347826087
561,137479,381.8861111111111,N,91.91489361702128
562,137725,382.56944444444446,N,87.80487804878048
563,137949,383.19166666666666,N,96.42857142857143
564,138173,383.81388888888887,N,96.42857142857143
565,138393,384.425,N,98.18181818181817
566,138625,385.06944444444446,N,93.10344827586206
567,138868,385.74444444444447,N,88.88888888888889
568,139123,386.4527777777778,N,84.70588235294117
569,139382,387.1722222222222,N,83.3976833976834
570,139638,387.8833333333333,N,84.375
571,139878,388.55,N,90.0
572,140105,389.18055555555554,N,95.15418502202644
573,140332,389.81111111111113,N,95.15418502202644
574,140584,390.5111111111111,N,85.71428571428572
575,140802,391.1166666666667,N,99.08256880733946
576,141083,391.89722222222224,N,76.86832740213524
577,141242,392.3388888888889,V,135.8490566037736
578,141570,393.25,N,65.85365853658537
579,141772,393.81111111111113,V,106.93069306930693
580,142044,394.56666666666666,N,79.41176470588235
581,142226,395.0722222222222,V,118.68131868131869
582,142533,395.925,N,70.35830618892508
583,142740,396.5,V,104.34782608695653
584,142968,397.1333333333333,N,94.73684210526316
585,143161,397.6694444444444,V,111.91709844559585
586,143635,398.9861111111111,N,45.56962025316456
587,143828,399.52222222222224,V,111.91709844559585
588,143988,399.96666666666664,V,135.0
589,144408,401.1333333333333,N,51.42857142857142
590,144592,401.64444444444445,V,117.3913043478261
591,144926,402.5722222222222,N,64.67065868263472
592,145203,403.34166666666664,N,77.9783393501805
593,145484,404.1222222222222,N,76.86832740213524
594,145759,404.8861111111111,N,78.54545454545455
595,146010,405.5833333333333,N,86.05577689243029
596,146268,406.3,N,83.72093023255813
597,146441,406.78055555555557,V,124.85549132947976
598,146757,407.65833333333336,N,68.35443037974683
599,146939,408.1638888888889,V,118.68131868131869
600,147215,408.93055555555554,N,78.26086956521739
601,147402,409.45,V,115.50802139037432
602,147711,410.30833333333334,N,69.90291262135922
603,147918,410.8833333333333,V,104.34782608695653
604,148218,411.71666666666664,N,72.0
605,148475,412.43055555555554,N,84.04669260700389
606,148710,413.0833333333333,N,91.91489361702128
607,148928,413.68888888888887,N,99.08256880733946
608,149157,414.325,N,94.3231441048035
609,149407,415.01944444444445,N,86.4
610,149647,415.68611111111113,N,90.0
611,149900,416.3888888888889,N,85.37549407114625
612,150127,417.01944444444445,N,95.15418502202644
613,150372,417.7,N,88.16326530612244
614,150612,418.3666666666667,N,90.0
615,150849,419.025,N,91.13924050632912
616,151096,419.7111111111111,N,87.4493927125506
617,151344,420.4,N,87.09677419354838
618,151594,421.09444444444443,N,86.4
619,151845,421.7916666666667,N,86.05577689243029
620,152116,422.5444444444444,N,79.70479704797049
621,152399,423.3305555555556,N,76.32508833922262
622,152662,424.06111111111113,N,82.12927756653993
623,152921,424.78055555555557,N,83.3976833976834
624,153150,425.4166666666667,N,94.3231441048035
625,153339,425.94166666666666,A,114.28571428571428
626,153613,426.7027777777778,N,78.83211678832117
627,153826,427.2944444444444,V,101.40845070422534
628,154260,428.5,N,49.76958525345622
629,154459,429.0527777777778,V,108.54271356783919
630,154799,429.9972222222222,N,63.529411764705884
631,155010,430.5833333333333,V,102.3696682464455
632,155313,431.425,N,71.2871287128713
633,155505,431.9583333333333,V,112.5
634,155822,432.8388888888889,N,68.13880126182966
635,155997,433.325,V,123.42857142857143
636,156316,434.2111111111111,N,67.7115987460815
637,156519,434.775,V,106.4039408866995
638,156838,435.6611111111111,N,67.7115987460815
639,157023,436.175,V,116.75675675675677
640,157322,437.00555555555553,N,72.24080267558529
641,157512,437.53333333333336,V,113.68421052631578
642,157777,438.26944444444445,N,81.50943396226414
643,157959,438.775,V,118.68131868131869
644,158293,439.7027777777778,N,64.67065868263472
645,158494,440.2611111111111,V,107.46268656716417
646,158812,441.14444444444445,N,67.9245283018868
647,158991,441.64166666666665,V,120.6703910614525
648,159270,442.4166666666667,N,77.41935483870968
649,159455,442.93055555555554,V,116.75675675675677
650,159753,443.7583333333333,N,72.48322147651007
651,159922,444.22777777777776,V,127.81065088757397
652,160251,445.14166666666665,N,65.65349544072949
653,160514,445.8722222222222,N,82.12927756653993
654,160719,446.44166666666666,A,105.3658536585366
655,160919,446.9972222222222,V,108.0
656,161381,448.28055555555557,N,46.75324675324675
657,161560,448.77777777777777,V,120.6703910614525
658,161902,449.72777777777776,N,63.15789473684211
659,162159,450.44166666666666,N,84.04669260700389
660,162417,451.15833333333336,N,83.72093023255813
661,162690,451.9166666666667,N,79.12087912087912
662,162970,452.69444444444446,N,77.14285714285714
663,163235,453.43055555555554,N,81.50943396226414
664,163487,454.13055555555553,N,85.71428571428572
665,163720,454.77777777777777,N,92.7038626609442
666,163922,455.3388888888889,V,106.93069306930693
667,164221,456.1694444444444,N,72.24080267558529
668,164411,456.6972222222222,V,113.68421052631578
669,164731,457.5861111111111,N,67.5
670,164916,458.1,V,116.75675675675677
671,165245,459.0138888888889,N,65.65349544072949
672,165435,459.5416666666667,V,113.68421052631578
673,165751,460.4194444444444,N,68.35443037974683
674,165936,460.93333333333334,V,116.75675675675677
675,166243,461.7861111111111,N,70.35830618892508
676,166488,462.46666666666664,N,88.16326530612244
677,166729,463.1361111111111,N,89.62655601659752
678,167002,463.89444444444445,N,79.12087912087912
679,167285,464.68055555555554,N,76.32508833922262
680,167555,465.43055555555554,N,80.0
681,167745,465.9583333333333,V,113.68421052631578
682,168030,466.75,N,75.78947368421053
683,168223,467.2861111111111,V,111.91709844559585
684,168499,468.0527777777778,N,78.26086956521739
685,168687,468.575,V,114.89361702127658
686,169008,469.46666666666664,N,67.28971962616822
687,169197,469.9916666666667,V,114.28571428571428
688,169386,470.51666666666665,V,114.28571428571428
689,169729,471.46944444444443,N,62.97376093294461
690,169910,471.97222222222223,V,119.33701657458563
691,170275,472.9861111111111,N,59.178082191780824
692,170527,473.68611111111113,N,85.71428571428572
693,170755,474.31944444444446,N,94.73684210526316
694,171000,475.0,N,88.16326530612244
695,171266,475.7388888888889,N,81.203007518797
696,171532,476.47777777777776,N,81.203007518797
697,171814,477.2611111111111,N,76.59574468085107
698,172054,477.9277777777778,N,90.0
699,172342,478.72777777777776,N,75.0
700,172523,479.23055555555555,V,119.33701657458563
701,172857,480.15833333333336,N,64.67065868263472
702,173061,480.725,V,105.88235294117648
703,173434,481.7611111111111,N,57.90884718498659
704,173646,482.35,V,101.88679245283019
705,174029,483.4138888888889,N,56.39686684073107
706,174227,483.9638888888889,V,109.09090909090908
707,174598,484.99444444444447,N,58.22102425876012
708,174788,485.52222222222224,V,113.68421052631578
709,175150,486.52777777777777,N,59.668508287292816
710,175357,487.10277777777776,V,104.34782608695653
711,175698,488.05,N,63.34310850439883
712,175916,488.65555555555557,V,99.08256880733946
713,176300,489.72222222222223,N,56.25
714,176573,490.48055555555555,N,79.12087912087912
715,176799,491.10833333333335,N,95.57522123893806
716,177033,491.7583333333333,N,92.3076923076923
717,177272,492.4222222222222,N,90.3765690376569
718,177513,493.09166666666664,N,89.62655601659752
719,177774,493.81666666666666,N,82.75862068965517
720,178045,494.56944444444446,N,79.70479704797049
721,178259,495.1638888888889,V,100.93457943925233
722,178525,495.90277777777777,N,81.203007518797
723,178762,496.56111111111113,N,91.13924050632912
724,178967,497.13055555555553,V,105.3658536585366
725,179258,497.93888888888887,N,74.22680412371133
726,179496,498.6,N,90.75630252100841
727,179740,499.27777777777777,N,88.52459016393442
728,179958,499.8833333333333,V,99.08256880733946
729,180257,500.7138888888889,N,72.24080267558529
730,180449,501.2472222222222,V,112.5
731,180767,502.13055555555553,N,67.9245283018868
732,180969,502.69166666666666,V,106.93069306930693
733,181259,503.4972222222222,N,74.48275862068965
734,181429,503.96944444444443,V,127.05882352941177
735,181721,504.78055555555557,N,73.97260273972603
736,181927,505.35277777777776,V,104.85436893203884
737,182272,506.31111111111113,N,62.608695652173914
738,182480,506.8888888888889,V,103.84615384615385
739,182786,507.7388888888889,N,70.58823529411765
740,183034,508.4277777777778,N,87.09677419354838
741,183208,508.9111111111111,V,124.13793103448276
742,183507,509.7416666666667,N,72.24080267558529
743,183703,510.2861111111111,V,110.20408163265307
744,184004,511.1222222222222,N,71.76079734219269
745,184208,511.68888888888887,V,105.88235294117648
746,184523,512.5638888888889,N,68.57142857142857
747,184730,513.1388888888889,V,104.34782608695653
748,185050,514.0277777777778,N,67.5
749,185236,514.5444444444445,V,116.1290322580645
750,185500,515.2777777777778,N,81.81818181818183
751,185739,515.9416666666667,N,90.3765690376569
752,185975,516.5972222222222,N,91.52542372881356
753,186212,517.2555555555556,N,91.13924050632912
754,186480,518.0,N,80.59701492537313
755,186770,518.8055555555555,N,74.48275862068965
756,186983,519.3972222222222,A,101.40845070422534
757,187277,520.2138888888888,N,73.46938775510205
758,187438,520.6611111111112,V,134.1614906832298
759,187827,521.7416666666667,N,55.52699228791774
760,188018,522.2722222222222,V,113.08900523560209
761,188366,523.2388888888889,N,62.06896551724138
762,188553,523.7583333333333,V,115.50802139037432
763,188879,524.6638888888889,N,66.25766871165644
764,189230,525.6388888888889,N,61.53846153846154
765,189521,526.4472222222222,N,74.22680412371133
766,189811,527.2527777777777,N,74.48275862068965
767,190080,528.0,N,80.29739776951672
768,190337,528.7138888888888,N,84.04669260700389
769,190620,529.5,N,76.32508833922262
770,190941,530.3916666666667,N,67.28971962616822
771,191236,531.2111111111111,N,73.22033898305085
772,191505,531.9583333333334,N,80.29739776951672
773,191772,532.7,N,80.89887640449437
774,192037,533.4361111111111,N,81.50943396226414
775,192299,534.1638888888889,N,82.44274809160305
776,192568,534.9111111111112,N,80.29739776951672
777,192852,535.7,N,76.05633802816902
778,193125,536.4583333333334,N,79.12087912087912
779,193381,537.1694444444445,N,84.375
780,193644,537.9,N,82.12927756653993
781,193920,538.6666666666666,N,78.26086956521739
782,194169,539.3583333333333,N,86.74698795180723
783,194418,540.05,N,86.74698795180723
784,194661,540.725,N,88.88888888888889
785,194918,541.4388888888889,N,84.04669260700389
786,195179,542.1638888888889,N,82.75862068965517
787,195468,542.9666666666667,N,74.74048442906575
788,195753,543.7583333333333,N,75.78947368421053
789,196001,544.4472222222222,N,87.09677419354838
790,196245,545.125,N,88.52459016393442
791,196485,545.7916666666666,N,90.0
792,196756,546.5444444444445,N,79.70479704797049
793,197026,547.2944444444445,N,80.0
794,197300,548.0555555555555,N,78.83211678832117
795,197544,548.7333333333333,N,88.52459016393442
796,197794,549.4277777777778,N,86.4
797,198044,550.1222222222223,N,86.4
798,198288,550.8,N,88.52459016393442
799,198537,551.4916666666667,N,86.74698795180723
800,198793,552.2027777777778,N,84.375
801,199039,552.8861111111111,N,87.80487804878048
802,199288,553.5777777777778,N,86.74698795180723
803,199566,554.35,N,77.6978417266187
804,199868,555.1888888888889,N,71.52317880794702
805,200130,555.9166666666666,N,82.44274809160305
806,200382,556.6166666666667,N,85.71428571428572
807,200624,557.2888888888889,N,89.25619834710743
808,200864,557.9555555555555,N,90.0
809,201097,558.6027777777778,N,92.7038626609442
810,201359,559.3305555555555,N,82.44274809160305
811,201651,560.1416666666667,N,73.97260273972603
812,201918,560.8833333333333,N,80.89887640449437
813,202181,561.6138888888889,N,82.12927756653993
814,202437,562.325,N,84.375
815,202649,562.9138888888889,V,101.88679245283019
816,202959,563.775,N,69.6774193548387
817,203152,564.3111111111111,V,111.91709844559585
818,203461,565.1694444444445,N,69.90291262135922
819,203662,565.7277777777778,V,107.46268656716417
820,203980,566.6111111111111,N,67.9245283018868
821,204189,567.1916666666667,V,103.34928229665071
822,204516,568.1,N,66.05504587155963
823,204740,568.7222222222222,V,96.42857142857143
824,205010,569.4722222222222,N,80.0
825,205185,569.9583333333334,V,123.42857142857143
826,205477,570.7694444444444,N,73.97260273972603
827,205688,571.3555555555556,V,102.3696682464455
828,206014,572.2611111111111,N,66.25766871165644
829,206225,572.8472222222222,V,102.3696682464455
830,206513,573.6472222222222,N,75.0
831,206697,574.1583333333333,V,117.3913043478261
832,206977,574.9361111111111,N,77.14285714285714
833,207163,575.4527777777778,V,116.1290322580645
834,207457,576.2694444444444,N,73.46938775510205
835,207653,576.8138888888889,V,110.20408163265307
836,207887,577.4638888888888,V,92.3076923076923
837,208194,578.3166666666667,N,70.35830618892508
838,208413,578.925,V,98.63013698630138
839,208730,579.8055555555555,N,68.13880126182966
840,208920,580.3333333333334,V,113.68421052631578
841,209212,581.1444444444444,N,73.97260273972603
842,209389,581.6361111111111,V,122.03389830508475
843,209652,582.3666666666667,N,82.12927756653993
844,209841,582.8916666666667,V,114.28571428571428
845,210162,583.7833333333333,N,67.28971962616822
846,210370,584.3611111111111,V,103.84615384615385
847,210703,585.2861111111112,N,64.86486486486486
848,210889,585.8027777777778,V,116.1290322580645
849,211174,586.5944444444444,N,75.78947368421053
850,211360,587.1111111111111,V,116.1290322580645
851,211666,587.9611111111111,N,70.58823529411765
852,211855,588.4861111111111,V,114.28571428571428
853,212176,589.3777777777777,N,67.28971962616822
854,212400,590.0,V,96.42857142857143
855,212660,590.7222222222222,N,83.07692307692308
856,212870,591.3055555555555,V,102.85714285714285
857,213203,592.2305555555556,N,64.86486486486486
858,213389,592.7472222222223,V,116.1290322580645
859,213716,593.6555555555556,N,66.05504587155963
860,213905,594.1805555555555,V,114.28571428571428
861,214195,594.9861111111111,N,74.48275862068965
862,214403,595.5638888888889,V,103.84615384615385
863,214780,596.6111111111111,N,57.29442970822281
864,215025,597.2916666666666,V,88.16326530612244
865,215324,598.1222222222223,N,72.24080267558529
866,215513,598.6472222222222,V,114.28571428571428
867,215806,599.4611111111111,N,73.72013651877133
868,215979,599.9416666666667,V,124.85549132947976
869,216300,600.8333333333334,N,67.28971962616822
870,216565,601.5694444444445,V,81.50943396226414
871,216810,602.25,V,88.16326530612244
872,217121,603.1138888888889,N,69.45337620578778
873,217288,603.5777777777778,V,129.34131736526945
874,217465,604.0694444444445,V,122.03389830508475
875,217895,605.2638888888889,N,50.23255813953489
876,218093,605.8138888888889,V,109.09090909090908
877,218379,606.6083333333333,N,75.52447552447553
878,218629,607.3027777777778,N,86.4
879,218881,608.0027777777777,F,85.71428571428572
880,219157,608.7694444444444,N,78.26086956521739
881,219376,609.3777777777777,V,98.63013698630138
882,219683,610.2305555555556,N,70.35830618892508
883,219865,610.7361111111111,V,118.68131868131869
884,220135,611.4861111111111,N,80.0
885,220311,611.975,V,122.72727272727273
886,220638,612.8833333333333,N,66.05504587155963
887,220847,613.4638888888888,V,103.34928229665071
888,221176,614.3777777777777,N,65.65349544072949
889,221367,614.9083333333333,V,113.08900523560209
890,221665,615.7361111111111,N,72.48322147651007
891,221859,616.275,V,111.34020618556701
892,222150,617.0833333333334,N,74.22680412371133
893,222393,617.7583333333333,N,88.88888888888889
894,222637,618.4361111111111,N,88.52459016393442
895,222869,619.0805555555555,N,93.10344827586206
896,223129,619.8027777777778,N,83.07692307692308
897,223379,620.4972222222223,N,86.4
898,223651,621.2527777777777,N,79.41176470588235
899,223910,621.9722222222222,N,83.3976833976834
900,224155,622.6527777777778,N,88.16326530612244
901,224379,623.275,N,96.42857142857143
902,224615,623.9305555555555,N,91.52542372881356
903,224850,624.5833333333334,N,91.91489361702128
904,225104,625.2888888888889,N,85.03937007874015
905,225382,626.0611111111111,N,77.6978417266187
906,225660,626.8333333333334,N,77.6978417266187
907,225894,627.4833333333333,A,92.3076923076923
908,226161,628.225,N,80.89887640449437
909,226356,628.7666666666667,V,110.76923076923077
910,226680,629.6666666666666,N,66.66666666666667
911,226859,630.1638888888889,V,120.6703910614525
912,227018,630.6055555555556,V,135.8490566037736
913,227195,631.0972222222222,V,122.03389830508475
914,227616,632.2666666666667,N,51.30641330166271
915,227842,632.8944444444444,V,95.57522123893806
916,228234,633.9833333333333,N,55.102040816326536
917,228427,634.5194444444444,V,111.91709844559585
918,228744,635.4,N,68.13880126182966
919,228976,636.0444444444445,N,93.10344827586206
920,229207,636.6861111111111,N,93.5064935064935
921,229464,637.4,N,84.04669260700389
922,229739,638.1638888888889,N,78.54545454545455
923,230010,638.9166666666666,N,79.70479704797049
924,230244,639.5666666666667,N,92.3076923076923
925,230480,640.2222222222222,N,91.52542372881356
926,230718,640.8833333333333,N,90.75630252100841
927,230906,641.4055555555556,V,114.89361702127658
928,231170,642.1388888888889,N,81.81818181818183
929,231363,642.675,V,111.91709844559585
930,231665,643.5138888888889,N,71.52317880794702
931,231889,644.1361111111111,V,96.42857142857143
932,232155,644.875,N,81.203007518797
933,232377,645.4916666666667,V,97.29729729729729
934,232654,646.2611111111111,N,77.9783393501805
935,232889,646.9138888888889,N,91.91489361702128
936,233122,647.5611111111111,N,92.7038626609442
937,233316,648.1,V,111.34020618556701
938,233553,648.7583333333333,N,91.13924050632912
939,233752,649.3111111111111,V,108.54271356783919
940,234032,650.0888888888888,N,77.14285714285714
941,234243,650.675,V,102.3696682464455
942,234431,651.1972222222222,V,114.89361702127658
943,234778,652.1611111111112,N,62.247838616714695
944,234980,652.7222222222222,V,106.93069306930693
945,235218,653.3833333333333,N,90.75630252100841
946,235448,654.0222222222222,N,93.91304347826087
947,235696,654.7111111111111,N,87.09677419354838
948,235911,655.3083333333333,V,100.46511627906978
949,236194,656.0944444444444,N,76.32508833922262
950,236384,656.6222222222223,V,113.68421052631578
951,236661,657.3916666666667,N,77.9783393501805
952,236892,658.0333333333333,N,93.5064935064935
953,237121,658.6694444444445,N,94.3231441048035
954,237321,659.225,V,108.0
955,237584,659.9555555555555,N,82.12927756653993
956,237777,660.4916666666667,V,111.91709844559585
957,238021,661.1694444444445,N,88.52459016393442
958,238255,661.8194444444445,N,92.3076923076923
959,238514,662.5388888888889,N,83.3976833976834
960,238731,663.1416666666667,V,99.53917050691244
961,238899,663.6083333333333,V,128.57142857142856
962,239231,664.5305555555556,N,65.06024096385542
963,239454,665.15,N,96.8609865470852
964,239670,665.75,N,100.0
965,239854,666.2611111111111,V,117.3913043478261
966,240119,666.9972222222223,N,81.50943396226414
967,240320,667.5555555555555,V,107.46268656716417
968,240611,668.3638888888889,N,74.22680412371133
969,240856,669.0444444444445,N,88.16326530612244
970,241077,669.6583333333333,N,97.73755656108597
971,241267,670.1861111111111,V,113.68421052631578
972,241537,670.9361111111111,N,80.0
973,241771,671.5861111111111,N,92.3076923076923
974,241981,672.1694444444445,N,102.85714285714285
975,242167,672.6861111111111,V,116.1290322580645
976,242435,673.4305555555555,N,80.59701492537313
977,242684,674.1222222222223,N,86.74698795180723
978,242918,674.7722222222222,N,92.3076923076923
979,243128,675.3555555555556,V,102.85714285714285
980,243400,676.1111111111111,N,79.41176470588235
981,243583,676.6194444444444,V,118.03278688524591
982,243850,677.3611111111111,N,80.89887640449437
983,244056,677.9333333333333,N,104.85436893203884
984,244277,678.5472222222222,N,97.73755656108597
985,244486,679.1277777777777,V,103.34928229665071
986,244778,679.9388888888889,N,73.97260273972603
987,244984,680.5111111111111,V,104.85436893203884
988,245261,681.2805555555556,N,77.9783393501805
989,245489,681.9138888888889,N,94.73684210526316
990,245719,682.5527777777778,N,93.91304347826087
991,245897,683.0472222222222,V,121.34831460674157
992,246132,683.7,N,91.91489361702128
993,246320,684.2222222222222,V,114.89361702127658
994,246605,685.0138888888889,N,75.78947368421053
995,246853,685.7027777777778,N,87.09677419354838
996,247080,686.3333333333334,N,95.15418502202644
997,247300,686.9444444444445,V,98.18181818181817
998,247585,687.7361111111111,N,75.78947368421053
999,247780,688.2777777777778,V,110.76923076923077
1000,248043,689.0083333333333,N,82.12927756653993
1001,248247,689.575,N,105.88235294117648
1002,248453,690.1472222222222,N,104.85436893203884
1003,248652,690.7,V,108.54271356783919
1004,248903,691.3972222222222,N,86.05577689243029
1005,249106,691.9611111111111,V,106.4039408866995
1006,249413,692.8138888888889,N,70.35830618892508
1007,249647,693.4638888888888,N,92.3076923076923
1008,249871,694.0861111111111,N,96.42857142857143
1009,250083,694.675,N,101.88679245283019
1010,250305,695.2916666666666,N,97.29729729729729
1011,250542,695.95,N,91.13924050632912
1012,250764,696.5666666666667,N,97.29729729729729
1013,250978,697.1611111111112,N,100.93457943925233
1014,251221,697.8361111111111,N,88.88888888888889
1015,251426,698.4055555555556,V,105.3658536585366
1016,251705,699.1805555555555,N,77.41935483870968
1017,251885,699.6805555555555,V,120.0
1018,252147,700.4083333333333,N,82.44274809160305
1019,252387,701.075,N,90.0
1020,252606,701.6833333333333,N,98.63013698630138
1021,252829,702.3027777777778,N,96.8609865470852
1022,253035,702.875,N,104.85436893203884
1023,253265,703.5138888888889,N,93.91304347826087
1024,253504,704.1777777777778,N,90.3765690376569
1025,253787,704.9638888888888,N,76.32508833922262
1026,254030,705.6388888888889,N,88.88888888888889
1027,254250,706.25,N,98.18181818181817
1028,254467,706.8527777777778,N,99.53917050691244
1029,254686,707.4611111111111,N,98.63013698630138
1030,254873,707.9805555555556,A,115.50802139037432
1031,255127,708.6861111111111,N,85.03937007874015
1032,255358,709.3277777777778,V,93.5064935064935
1033,255629,710.0805555555555,N,79.70479704797049
1034,255834,710.65,V,105.3658536585366
1035,256093,711.3694444444444,N,83.3976833976834
1036,256297,711.9361111111111,V,105.88235294117648
1037,256574,712.7055555555555,N,77.9783393501805
1038,256815,713.375,N,89.62655601659752
1039,257051,714.0305555555556,N,91.52542372881356
1040,257239,714.5527777777778,V,114.89361702127658
1041,257493,715.2583333333333,N,85.03937007874015
1042,257684,715.7888888888889,V,113.08900523560209
1043,257974,716.5944444444444,N,74.48275862068965
1044,258204,717.2333333333333,V,93.91304347826087
1045,258490,718.0277777777778,N,75.52447552447553
1046,258718,718.6611111111112,N,94.73684210526316
1047,258943,719.2861111111112,N,96.0
1048,259119,719.775,V,122.72727272727273
1049,259387,720.5194444444444,N,80.59701492537313
1050,259588,721.0777777777778,V,107.46268656716417
1051,259907,721.9638888888888,N,67.7115987460815
1052,260179,722.7194444444444,N,79.41176470588235
1053,260413,723.3694444444444,N,92.3076923076923
1054,260626,723.9611111111111,A,101.40845070422534
1055,260878,724.6611111111112,N,85.71428571428572
1056,261069,725.1916666666667,V,113.08900523560209
1057,261345,725.9583333333334,N,78.26086956521739
1058,261539,726.4972222222223,V,111.34020618556701
1059,261830,727.3055555555555,N,74.22680412371133
1060,262071,727.975,N,89.62655601659752
1061,262323,728.675,N,85.71428571428572
1062,262568,729.3555555555556,N,88.16326530612244
1063,262842,730.1166666666667,N,78.83211678832117
1064,263041,730.6694444444445,V,108.54271356783919
1065,263300,731.3888888888889,N,83.3976833976834
1066,263473,731.8694444444444,V,124.85549132947976
1067,263762,732.6722222222222,N,74.74048442906575
1068,264002,733.3388888888888,N,90.0
1069,264262,734.0611111111111,N,83.07692307692308
1070,264534,734.8166666666667,N,79.41176470588235
1071,264777,735.4916666666667,N,88.88888888888889
1072,265013,736.1472222222222,N,91.52542372881356
1073,265237,736.7694444444444,N,96.42857142857143
1074,265481,737.4472222222222,N,88.52459016393442
1075,265730,738.1388888888889,N,86.74698795180723
1076,265975,738.8194444444445,N,88.16326530612244
1077,266206,739.4611111111111,N,93.5064935064935
1078,266460,740.1666666666666,N,85.03937007874015
1079,266720,740.8888888888889,N,83.07692307692308
1080,266893,741.3694444444444,V,124.85549132947976
1081,267212,742.2555555555556,N,67.7115987460815
1082,267417,742.825,V,105.3658536585366
1083,267704,743.6222222222223,N,75.26132404181185
1084,267910,744.1944444444445,V,104.85436893203884
1085,268168,744.9111111111112,N,83.72093023255813
1086,268397,745.5472222222222,A,94.3231441048035
1087,268704,746.4,N,70.35830618892508
1088,268917,746.9916666666667,V,101.40845070422534
1089,269237,747.8805555555556,N,67.5
1090,269418,748.3833333333333,V,119.33701657458563
1091,269713,749.2027777777778,N,73.22033898305085
1092,269887,749.6861111111111,V,124.13793103448276
1093,270187,750.5194444444444,N,72.0
1094,270391,751.0861111111111,V,105.88235294117648
1095,270733,752.0361111111112,N,63.15789473684211
1096,270995,752.7638888888889,N,82.44274809160305
1097,271242,753.45,N,87.4493927125506
1098,271505,754.1805555555555,N,82.12927756653993
1099,271759,754.8861111111111,N,85.03937007874015
1100,271977,755.4916666666667,N,99.08256880733946
1101,272206,756.1277777777777,N,94.3231441048035
1102,272438,756.7722222222222,N,93.10344827586206
1103,272685,757.4583333333334,N,87.4493927125506
1104,272924,758.1222222222223,N,90.3765690376569
1105,273187,758.8527777777778,N,82.12927756653993
1106,273456,759.6,N,80.29739776951672
1107,273690,760.25,N,92.3076923076923
1108,273923,760.8972222222222,N,92.7038626609442
1109,274140,761.5,N,99.53917050691244
1110,274379,762.1638888888889,N,90.3765690376569
1111,274641,762.8916666666667,N,82.44274809160305
1112,274903,763.6194444444444,N,82.44274809160305
1113,275167,764.3527777777778,N,81.81818181818183
1114,275422,765.0611111111111,N,84.70588235294117
1115,275671,765.7527777777777,N,86.74698795180723
1116,275900,766.3888888888889,N,94.3231441048035
1117,276143,767.0638888888889,N,88.88888888888889
1118,276394,767.7611111111111,N,86.05577689243029
1119,276633,768.425,N,90.3765690376569
1120,276877,769.1027777777778,N,88.52459016393442
1121,277094,769.7055555555555,A,99.53917050691244
1122,277386,770.5166666666667,N,73.97260273972603
1123,277678,771.3277777777778,N,73.97260273972603
1124,277925,772.0138888888889,N,87.4493927125506
1125,278189,772.7472222222223,N,81.81818181818183
1126,278425,773.4027777777778,N,91.52542372881356
1127,278640,774.0,N,100.46511627906978
1128,278891,774.6972222222222,N,86.05577689243029
1129,279158,775.4388888888889,N,80.89887640449437
1130,279431,776.1972222222222,N,79.12087912087912
1131,279713,776.9805555555556,N,76.59574468085107
1132,279970,777.6944444444445,N,84.04669260700389
1133,280214,778.3722222222223,N,88.52459016393442
1134,280472,779.0888888888888,N,83.72093023255813
1135,280680,779.6666666666666,V,103.84615384615385
1136,280988,780.5222222222222,N,70.12987012987013
1137,281196,781.1,V,103.84615384615385
1138,281482,781.8944444444444,N,75.52447552447553
1139,281717,782.5472222222222,V,91.91489361702128
1140,281984,783.2888888888889,N,80.89887640449437
1141,282254,784.0388888888889,N,80.0
1142,282508,784.7444444444444,N,85.03937007874015
1143,282737,785.3805555555556,N,94.3231441048035
1144,282958,785.9944444444444,N,97.73755656108597
1145,283165,786.5694444444445,A,104.34782608695653
1146,283433,787.3138888888889,N,80.59701492537313
1147,283687,788.0194444444444,V,85.03937007874015
1148,283965,788.7916666666666,N,77.6978417266187
1149,284159,789.3305555555555,V,111.34020618556701
1150,284437,790.1027777777778,N,77.6978417266187
1151,284620,790.6111111111111,V,118.03278688524591
1152,284895,791.375,N,78.54545454545455
1153,285084,791.9,V,114.28571428571428
1154,285387,792.7416666666667,N,71.2871287128713
1155,285574,793.2611111111111,V,115.50802139037432
1156,285898,794.1611111111112,N,66.66666666666667
1157,286152,794.8666666666667,N,85.03937007874015
1158,286414,795.5944444444444,N,82.44274809160305
1159,286638,796.2166666666667,V,96.42857142857143
1160,286913,796.9805555555556,N,78.54545454545455
1161,287095,797.4861111111111,V,118.68131868131869
1162,287359,798.2194444444444,N,81.81818181818183
1163,287541,798.725,V,118.68131868131869
1164,287835,799.5416666666666,N,73.46938775510205
1165,288045,800.125,V,102.85714285714285
1166,288379,801.0527777777778,N,64.67065868263472
1167,288606,801.6833333333333,N,95.15418502202644
1168,288867,802.4083333333333,N,82.75862068965517
1169,289043,802.8972222222222,V,122.72727272727273
1170,289316,803.6555555555556,N,79.12087912087912
1171,289512,804.2,V,110.20408163265307
1172,289669,804.6361111111111,V,137.5796178343949
1173,290071,805.7527777777777,N,53.731343283582085
1174,290260,806.2777777777778,V,114.28571428571428
1175,290561,807.1138888888889,N,71.76079734219269
1176,290801,807.7805555555556,N,90.0
1177,291036,808.4333333333333,N,91.91489361702128
1178,291270,809.0833333333334,N,92.3076923076923
1179,291504,809.7333333333333,N,92.3076923076923
1180,291724,810.3444444444444,N,98.18181818181817
1181,291953,810.9805555555556,N,94.3231441048035
1182,292173,811.5916666666667,V,98.18181818181817
1183,292441,812.3361111111111,N,80.59701492537313
1184,292676,812.9888888888889,V,91.91489361702128
1185,292959,813.775,N,76.32508833922262
1186,293143,814.2861111111112,V,117.3913043478261
1187,293397,814.9916666666667,N,85.03937007874015
1188,293621,815.6138888888889,N,96.42857142857143
1189,293834,816.2055555555555,N,101.40845070422534
1190,294034,816.7611111111111,V,108.0
1191,294307,817.5194444444444,N,79.12087912087912
1192,294523,818.1194444444444,V,100.0
1193,294808,818.9111111111112,N,75.78947368421053
1194,295033,819.5361111111112,N,96.0
1195,295255,820.1527777777778,N,97.29729729729729
1196,295491,820.8083333333333,N,91.52542372881356
1197,295727,821.4638888888888,N,91.52542372881356
1198,295949,822.0805555555555,N,97.29729729729729
1199,296171,822.6972222222222,N,97.29729729729729
1200,296395,823.3194444444445,N,96.42857142857143
1201,296630,823.9722222222222,N,91.91489361702128
1202,296873,824.6472222222222,N,88.88888888888889
1203,297119,825.3305555555555,N,87.80487804878048
1204,297339,825.9416666666667,V,98.18181818181817
1205,297597,826.6583333333333,N,83.72093023255813
1206,297790,827.1944444444445,V,111.91709844559585
1207,298023,827.8416666666667,N,92.7038626609442
1208,298232,828.4222222222222,N,103.34928229665071
1209,298464,829.0666666666667,N,93.10344827586206
1210,298701,829.725,V,91.13924050632912
1211,298979,830.4972222222223,V,77.6978417266187
1212,299227,831.1861111111111,N,87.09677419354838
1213,299442,831.7833333333333,N,100.46511627906978
1214,299656,832.3777777777777,N,100.93457943925233
1215,299873,832.9805555555556,N,99.53917050691244
1216,300087,833.575,N,100.93457943925233
1217,300306,834.1833333333333,N,98.63013698630138
1218,300542,834.8388888888888,N,91.52542372881356
1219,300756,835.4333333333333,N,100.93457943925233
1220,300986,836.0722222222222,N,93.91304347826087
1221,301209,836.6916666666667,N,96.8609865470852
1222,301415,837.2638888888889,V,104.85436893203884
1223,301691,838.0305555555556,N,78.26086956521739
1224,301912,838.6444444444444,N,97.73755656108597
1225,302135,839.2638888888889,N,96.8609865470852
1226,302312,839.7555555555556,V,122.03389830508475
1227,302537,840.3805555555556,N,96.0
1228,302753,840.9805555555556,N,100.0
1229,302965,841.5694444444445,N,101.88679245283019
1230,303186,842.1833333333333,V,97.73755656108597
1231,303440,842.8888888888889,N,85.03937007874015
1232,303666,843.5166666666667,N,95.57522123893806
1233,303882,844.1166666666667,N,100.0
1234,304069,844.6361111111111,V,115.50802139037432
1235,304278,845.2166666666667,N,103.34928229665071
1236,304495,845.8194444444445,N,99.53917050691244
1237,304725,846.4583333333334,N,93.91304347826087
1238,304924,847.0111111111111,V,108.54271356783919
1239,305161,847.6694444444445,N,91.13924050632912
1240,305376,848.2666666666667,N,100.46511627906978
1241,305593,848.8694444444444,N,99.53917050691244
1242,305806,849.4611111111111,V,101.40845070422534
1243,306018,850.05,N,101.88679245283019
1244,306230,850.6388888888889,N,101.88679245283019
1245,306449,851.2472222222223,N,98.63013698630138
1246,306650,851.8055555555555,N,107.46268656716417
1247,306855,852.375,N,105.3658536585366
1248,307051,852.9194444444445,N,110.20408163265307
1249,307262,853.5055555555556,N,102.3696682464455
1250,307497,854.1583333333333,N,91.91489361702128
1251,307741,854.8361111111111,N,88.52459016393442
1252,307960,855.4444444444445,N,98.63013698630138
1253,308179,856.0527777777778,N,98.63013698630138
1254,308374,856.5944444444444,N,110.76923076923077
1255,308564,857.1222222222223,N,113.68421052631578
1256,308765,857.6805555555555,N,107.46268656716417
1257,308956,858.2111111111111,N,113.08900523560209
1258,309168,858.8,N,101.88679245283019
1259,309396,859.4333333333333,N,94.73684210526316
1260,309625,860.0694444444445,N,94.3231441048035
1261,309855,860.7083333333334,N,93.91304347826087
1262,310066,861.2944444444445,N,102.3696682464455
1263,310270,861.8611111111111,N,105.88235294117648
1264,310488,862.4666666666667,N,99.08256880733946
1265,310715,863.0972222222222,N,95.15418502202644
1266,310919,863.6638888888889,N,105.88235294117648
1267,311132,864.2555555555556,N,101.40845070422534
1268,311324,864.7888888888889,N,112.5
1269,311532,865.3666666666667,N,103.84615384615385
1270,311760,866.0,N,94.73684210526316
1271,311974,866.5944444444444,N,100.93457943925233
1272,312207,867.2416666666667,N,92.7038626609442
1273,312436,867.8777777777777,N,94.3231441048035
1274,312646,868.4611111111111,N,102.85714285714285
1275,312852,869.0333333333333,N,104.85436893203884
1276,313046,869.5722222222222,N,111.34020618556701
1277,313240,870.1111111111111,N,111.34020618556701
1278,313455,870.7083333333334,N,100.46511627906978
1279,313693,871.3694444444444,N,90.75630252100841
1280,313921,872.0027777777777,N,94.73684210526316
1281,314163,872.675,N,89.25619834710743
1282,314371,873.2527777777777,N,103.84615384615385
1283,314580,873.8333333333334,N,103.34928229665071
1284,314802,874.45,N,97.29729729729729
1285,314995,874.9861111111111,N,111.91709844559585
1286,315209,875.5805555555555,N,100.93457943925233
1287,315425,876.1805555555555,N,100.0
1288,315628,876.7444444444444,V,106.4039408866995
1289,315856,877.3777777777777,N,94.73684210526316
1290,316074,877.9833333333333,N,99.08256880733946
1291,316297,878.6027777777778,N,96.8609865470852
1292,316538,879.2722222222222,N,89.62655601659752
1293,316778,879.9388888888889,N,90.0
1294,316991,880.5305555555556,N,101.40845070422534
1295,317208,881.1333333333333,N,99.53917050691244
1296,317405,881.6805555555555,N,109.6446700507614
1297,317601,882.225,N,110.20408163265307
1298,317818,882.8277777777778,N,99.53917050691244
1299,318031,883.4194444444445,N,101.40845070422534
1300,318270,884.0833333333334,N,90.3765690376569
1301,318523,884.7861111111112,N,85.37549407114625
1302,318757,885.4361111111111,N,92.3076923076923
1303,318982,886.0611111111111,N,96.0
1304,319182,886.6166666666667,N,108.0
1305,319386,887.1833333333333,N,105.88235294117648
1306,319608,887.8,N,97.29729729729729
1307,319830,888.4166666666666,N,97.29729729729729
1308,320052,889.0333333333333,N,97.29729729729729
1309,320279,889.6638888888889,N,95.15418502202644
1310,320502,890.2833333333333,N,96.8609865470852
1311,320718,890.8833333333333,N,100.0
1312,320940,891.5,N,97.29729729729729
1313,321164,892.1222222222223,N,96.42857142857143
1314,321379,892.7194444444444,N,100.46511627906978
1315,321602,893.3388888888888,N,96.8609865470852
1316,321806,893.9055555555556,N,105.88235294117648
1317,322018,894.4944444444444,N,101.88679245283019
1318,322217,895.0472222222222,N,108.54271356783919
1319,322447,895.6861111111111,N,93.91304347826087
1320,322680,896.3333333333334,V,92.7038626609442
1321,322956,897.1,N,78.26086956521739
1322,323178,897.7166666666667,N,97.29729729729729
1323,323392,898.3111111111111,N,100.93457943925233
1324,323603,898.8972222222222,N,102.3696682464455
1325,323812,899.4777777777778,N,103.34928229665071
1326,323987,899.9638888888888,V,123.42857142857143
1327,324232,900.6444444444444,N,88.16326530612244
1328,324467,901.2972222222222,N,91.91489361702128
1329,324702,901.95,N,91.91489361702128
1330,324933,902.5916666666667,N,93.5064935064935
1331,325154,903.2055555555555,N,97.73755656108597
1332,325380,903.8333333333334,N,95.57522123893806
1333,325612,904.4777777777778,N,93.10344827586206
1334,325840,905.1111111111111,N,94.73684210526316
1335,326054,905.7055555555555,N,100.93457943925233
1336,326263,906.2861111111112,N,103.34928229665071
1337,326473,906.8694444444444,N,102.85714285714285
1338,326690,907.4722222222222,N,99.53917050691244
1339,326913,908.0916666666667,N,96.8609865470852
1340,327155,908.7638888888889,N,89.25619834710743
1341,327388,909.4111111111112,N,92.7038626609442
1342,327633,910.0916666666667,N,88.16326530612244
1343,327845,910.6805555555555,N,101.88679245283019
1344,328063,911.2861111111112,N,99.08256880733946
1345,328264,911.8444444444444,N,107.46268656716417
1346,328485,912.4583333333334,N,97.73755656108597
1347,328734,913.15,N,86.74698795180723
1348,328944,913.7333333333333,N,102.85714285714285
1349,329208,914.4666666666667,N,81.81818181818183
1350,329400,915.0,V,112.5
1351,329660,915.7222222222222,N,83.07692307692308
1352,329887,916.3527777777778,N,95.15418502202644
1353,330100,916.9444444444445,N,101.40845070422534
1354,330322,917.5611111111111,N,97.29729729729729
1355,330561,918.225,N,90.3765690376569
1356,330754,918.7611111111111,V,111.91709844559585
1357,331021,919.5027777777777,N,80.89887640449437
1358,331248,920.1333333333333,N,95.15418502202644
1359,331501,920.8361111111111,N,85.37549407114625
1360,331726,921.4611111111111,V,96.0
1361,332001,922.225,N,78.54545454545455
1362,332210,922.8055555555555,N,103.34928229665071
1363,332422,923.3944444444444,N,101.88679245283019
1364,332601,923.8916666666667,V,120.6703910614525
1365,332871,924.6416666666667,N,80.0
1366,333092,925.2555555555556,N,97.73755656108597
1367,333336,925.9333333333333,N,88.52459016393442
1368,333600,926.6666666666666,N,81.81818181818183
1369,333836,927.3222222222222,N,91.52542372881356
1370,334045,927.9027777777778,N,103.34928229665071
1371,334267,928.5194444444444,N,97.29729729729729
1372,334457,929.0472222222222,V,113.68421052631578
1373,334735,929.8194444444445,N,77.6978417266187
1374,334957,930.4361111111111,N,97.29729729729729
1375,335194,931.0944444444444,N,91.13924050632912
1376,335424,931.7333333333333,N,93.91304347826087
1377,335670,932.4166666666666,N,87.80487804878048
1378,335921,933.1138888888889,N,86.05577689243029
1379,336145,933.7361111111111,N,96.42857142857143
1380,336390,934.4166666666666,N,88.16326530612244
1381,336627,935.075,N,91.13924050632912
1382,336835,935.6527777777778,N,103.84615384615385
1383,337073,936.3138888888889,N,90.75630252100841
1384,337263,936.8416666666667,V,113.68421052631578
1385,337529,937.5805555555555,N,81.203007518797
1386,337753,938.2027777777778,V,96.42857142857143
1387,338071,939.0861111111111,N,67.9245283018868
1388,338281,939.6694444444445,V,102.85714285714285
1389,338553,940.425,N,79.41176470588235
1390,338777,941.0472222222222,N,96.42857142857143
1391,339008,941.6888888888889,N,93.5064935064935
1392,339228,942.3,N,98.18181818181817
1393,339471,942.975,N,88.88888888888889
1394,339738,943.7166666666667,N,80.89887640449437
1395,339989,944.4138888888889,N,86.05577689243029
1396,340242,945.1166666666667,N,85.37549407114625
1397,340435,945.6527777777778,V,111.91709844559585
1398,340610,946.1388888888889,V,123.42857142857143
1399,340959,947.1083333333333,V,61.891117478510026
1400,341142,947.6166666666667,V,118.03278688524591
1401,341426,948.4055555555556,N,76.05633802816902
1402,341648,949.0222222222222,N,97.29729729729729
1403,341877,949.6583333333333,N,94.3231441048035
1404,342122,950.3388888888888,N,88.16326530612244
1405,342308,950.8555555555556,V,116.1290322580645
1406,342621,951.725,N,69.00958466453675
1407,342834,952.3166666666667,V,101.40845070422534
1408,343082,953.0055555555556,N,87.09677419354838
1409,343295,953.5972222222222,N,101.40845070422534
1410,343512,954.2,N,99.53917050691244
1411,343761,954.8916666666667,N,86.74698795180723
1412,344018,955.6055555555556,N,84.04669260700389
1413,344273,956.3138888888889,N,84.70588235294117
1414,344521,957.0027777777777,N,87.09677419354838
1415,344745,957.625,N,96.42857142857143
1416,344995,958.3194444444445,N,86.4
1417,345189,958.8583333333333,V,111.34020618556701
1418,345451,959.5861111111111,N,82.44274809160305
1419,345642,960.1166666666667,V,113.08900523560209
1420,345927,960.9083333333333,N,75.78947368421053
1421,346118,961.4388888888889,V,113.08900523560209
1422,346403,962.2305555555556,N,75.78947368421053
1423,346609,962.8027777777778,V,104.85436893203884
1424,346933,963.7027777777778,N,66.66666666666667
1425,347121,964.225,V,114.89361702127658
1426,347407,965.0194444444444,N,75.52447552447553
1427,347591,965.5305555555556,A,117.3913043478261
1428,347846,966.2388888888889,N,84.70588235294117
1429,348038,966.7722222222222,V,112.5
1430,348329,967.5805555555555,N,74.22680412371133
1431,348534,968.15,V,105.3658536585366
1432,348841,969.0027777777777,N,70.35830618892508
1433,349032,969.5333333333333,V,113.08900523560209
1434,349318,970.3277777777778,N,75.52447552447553
1435,349495,970.8194444444445,V,122.03389830508475
1436,349771,971.5861111111111,N,78.26086956521739
1437,349970,972.1388888888889,V,108.54271356783919
1438,350255,972.9305555555555,N,75.78947368421053
1439,350459,973.4972222222223,A,105.88235294117648
1440,350724,974.2333333333333,N,81.50943396226414
1441,350933,974.8138888888889,V,103.34928229665071
1442,351206,975.5722222222222,N,79.12087912087912
1443,351406,976.1277777777777,V,108.0
1444,351691,976.9194444444445,N,75.78947368421053
1445,351884,977.4555555555555,V,111.91709844559585
1446,352155,978.2083333333334,N,79.70479704797049
1447,352331,978.6972222222222,V,122.72727272727273
1448,352624,979.5111111111111,V,73.72013651877133
1449,352906,980.2944444444445,N,76.59574468085107
1450,353180,981.0555555555555,N,78.83211678832117
1451,353441,981.7805555555556,N,82.75862068965517
1452,353659,982.3861111111111,N,99.08256880733946
1453,353883,983.0083333333333,N,96.42857142857143
1454,354110,983.6388888888889,N,95.15418502202644
1455,354285,984.125,V,123.42857142857143
1456,354583,984.9527777777778,N,72.48322147651007
1457,354801,985.5583333333333,V,99.08256880733946
1458,355092,986.3666666666667,N,74.22680412371133
1459,355295,986.9305555555555,V,106.4039408866995
1460,355601,987.7805555555556,N,70.58823529411765
1461,355800,988.3333333333334,V,108.54271356783919
1462,356116,989.2111111111111,N,68.35443037974683
1463,356366,989.9055555555556,N,86.4
1464,356550,990.4166666666666,V,117.3913043478261
1465,356827,991.1861111111111,N,77.9783393501805
1466,357052,991.8111111111111,V,96.0
1467,357364,992.6777777777778,N,69.23076923076923
1468,357572,993.2555555555556,V,103.84615384615385
1469,357946,994.2944444444445,N,57.75401069518716
1470,358124,994.7888888888889,V,121.34831460674157
1471,358419,995.6083333333333,N,73.22033898305085
1472,358600,996.1111111111111,V,119.33701657458563
1473,358909,996.9694444444444,N,69.90291262135922
1474,359185,997.7361111111111,N,78.26086956521739
1475,359466,998.5166666666667,N,76.86832740213524
1476,359713,999.2027777777778,N,87.4493927125506
1477,359947,999.8527777777778,N,92.3076923076923
1478,360163,1000.4527777777778,N,100.0
1479,360399,1001.1083333333333,N,91.52542372881356
1480,360605,1001.6805555555555,V,104.85436893203884
1481,360887,1002.4638888888888,N,76.59574468085107
1482,361074,1002.9833333333333,V,115.50802139037432
1483,361226,1003.4055555555556,V,142.10526315789474
1484,361610,1004.4722222222222,N,56.25
1485,361822,1005.0611111111111,V,101.88679245283019
1486,362142,1005.95,N,67.5
1487,362339,1006.4972222222223,V,109.6446700507614
1488,362594,1007.2055555555555,N,84.70588235294117
1489,362761,1007.6694444444445,V,129.34131736526945
1490,363043,1008.4527777777778,N,76.59574468085107
1491,363232,1008.9777777777778,V,114.28571428571428
1492,363530,1009.8055555555555,N,72.48322147651007
1493,363738,1010.3833333333333,V,103.84615384615385
1494,364070,1011.3055555555555,N,65.06024096385542
1495,364258,1011.8277777777778,V,114.89361702127658
1496,364527,1012.575,N,80.29739776951672
1497,364704,1013.0666666666667,V,122.03389830508475
1498,365003,1013.8972222222222,N,72.24080267558529
1499,365204,1014.4555555555555,V,107.46268656716417
1500,365501,1015.2805555555556,N,72.72727272727273
1501,365686,1015.7944444444445,V,116.75675675675677
1502,365987,1016.6305555555556,N,71.76079734219269
1503,366195,1017.2083333333334,V,103.84615384615385
1504,366477,1017.9916666666667,N,76.59574468085107
1505,366666,1018.5166666666667,V,114.28571428571428
1506,366962,1019.3388888888888,N,72.97297297297298
1507,367142,1019.8388888888888,V,120.0
1508,367404,1020.5666666666667,N,82.44274809160305
1509,367578,1021.05,V,124.13793103448276
1510,367906,1021.9611111111111,N,65.85365853658537
1511,368134,1022.5944444444444,V,94.73684210526316
1512,368450,1023.4722222222222,N,68.35443037974683
1513,368639,1023.9972222222223,V,114.28571428571428
1514,368919,1024.775,N,77.14285714285714
1515,369103,1025.286111111111,V,117.3913043478261
1516,369367,1026.0194444444444,N,81.81818181818183
1517,369557,1026.5472222222222,V,113.68421052631578
1518,369876,1027.4333333333334,N,67.7115987460815
1519,370081,1028.0027777777777,V,105.3658536585366
1520,370401,1028.8916666666667,N,67.5
1521,370586,1029.4055555555556,V,116.75675675675677
1522,370896,1030.2666666666667,N,69.6774193548387
1523,371102,1030.838888888889,V,104.85436893203884
1524,371400,1031.6666666666667,N,72.48322147651007
1525,371587,1032.1861111111111,V,115.50802139037432
1526,371883,1033.0083333333334,N,72.97297297297298
1527,372074,1033.5388888888888,V,113.08900523560209
1528,372404,1034.4555555555555,N,65.45454545454545
1529,372612,1035.0333333333333,V,103.84615384615385
1530,372928,1035.911111111111,N,68.35443037974683
1531,373132,1036.4777777777779,V,105.88235294117648
1532,373273,1036.8694444444445,V,153.19148936170214
1533,373706,1038.0722222222223,N,49.88452655889146
1534,373898,1038.6055555555556,V,112.5
1535,374353,1039.8694444444445,N,47.472527472527474
1536,374584,1040.5111111111112,V,93.5064935064935
1537,374916,1041.4333333333334,N,65.06024096385542
1538,375168,1042.1333333333334,N,85.71428571428572
1539,375412,1042.8111111111111,N,88.52459016393442
1540,375662,1043.5055555555555,N,86.4
1541,375883,1044.1194444444445,A,97.73755656108597
1542,376160,1044.888888888889,N,77.9783393501805
1543,376430,1045.638888888889,N,80.0
1544,376680,1046.3333333333333,N,86.4
1545,376952,1047.088888888889,N,79.41176470588235
1546,377244,1047.9,N,73.97260273972603
1547,377494,1048.5944444444444,N,86.4
1548,377742,1049.2833333333333,N,87.09677419354838
1549,377980,1049.9444444444443,N,90.75630252100841
1550,378234,1050.65,N,85.03937007874015
1551,378493,1051.3694444444445,N,83.3976833976834
1552,378788,1052.1888888888889,N,73.22033898305085
1553,379038,1052.8833333333334,N,86.4
1554,379322,1053.6722222222222,N,76.05633802816902
1555,379702,1054.7277777777779,N,56.84210526315789
1556,379898,1055.2722222222221,V,110.20408163265307
1557,380295,1056.375,N,54.4080604534005
1558,380487,1056.9083333333333,V,112.5
1559,380915,1058.0972222222222,N,50.467289719626166
1560,381119,1058.6638888888888,V,105.88235294117648
1561,381525,1059.7916666666667,N,53.20197044334975
1562,381717,1060.325,V,112.5
1563,382088,1061.3555555555556,N,58.22102425876012
1564,382304,1061.9555555555555,V,100.0
1565,382620,1062.8333333333333,N,68.35443037974683
1566,382803,1063.3416666666667,V,118.03278688524591
1567,383168,1064.3555555555556,N,59.178082191780824
1568,383451,1065.1416666666667,V,76.32508833922262
1569,383761,1066.0027777777777,N,69.6774193548387
1570,383952,1066.5333333333333,V,113.08900523560209
1571,384244,1067.3444444444444,N,73.97260273972603
1572,384439,1067.8861111111112,V,110.76923076923077
1573,384748,1068.7444444444445,N,69.90291262135922
1574,384946,1069.2944444444445,V,109.09090909090908
1575,385313,1070.3138888888889,N,58.855585831062676
1576,385515,1070.875,V,106.93069306930693
1577,385684,1071.3444444444444,V,127.81065088757397
1578,385887,1071.9083333333333,F,106.4039408866995
1579,386082,1072.45,N,110.76923076923077
1580,386288,1073.0222222222221,V,104.85436893203884
1581,386608,1073.911111111111,N,67.5
1582,386805,1074.4583333333333,V,109.6446700507614
1583,387113,1075.3138888888889,N,70.12987012987013
1584,387307,1075.8527777777779,V,111.34020618556701
1585,387636,1076.7666666666667,N,65.65349544072949
1586,387844,1077.3444444444444,V,103.84615384615385
1587,388175,1078.263888888889,N,65.25679758308158
1588,388365,1078.7916666666667,V,113.68421052631578
1589,388660,1079.611111111111,N,73.22033898305085
1590,388834,1080.0944444444444,V,124.13793103448276
1591,389161,1081.0027777777777,N,66.05504587155963
1592,389384,1081.6222222222223,V,96.8609865470852
1593,389741,1082.6138888888888,N,60.50420168067227
1594,389941,1083.1694444444445,V,108.0
1595,390259,1084.0527777777777,N,67.9245283018868
1596,390455,1084.5972222222222,V,110.20408163265307
1597,390762,1085.45,N,70.35830618892508
1598,390947,1085.963888888889,V,116.75675675675677
1599,391285,1086.9027777777778,N,63.905325443786985
1600,391483,1087.4527777777778,V,109.09090909090908
1601,391829,1088.4138888888888,N,62.42774566473988
1602,392027,1088.963888888889,V,109.09090909090908
1603,392398,1089.9944444444445,N,58.22102425876012
1604,392599,1090.5527777777777,V,107.46268656716417
1605,392924,1091.4555555555555,N,66.46153846153847
1606,393102,1091.95,V,121.34831460674157
1607,393433,1092.8694444444445,N,65.25679758308158
1608,393656,1093.4888888888888,V,96.8609865470852
1609,393996,1094.4333333333334,N,63.529411764705884
1610,394234,1095.0944444444444,V,90.75630252100841
1611,394571,1096.0305555555556,N,64.09495548961424
1612,394763,1096.5638888888889,V,112.5
1613,394913,1096.9805555555556,V,144.0
1614,395352,1098.2,N,49.20273348519362
1615,395557,1098.7694444444444,V,105.3658536585366
1616,395930,1099.8055555555557,N,57.90884718498659
1617,396126,1100.35,V,110.20408163265307
1618,396325,1100.9027777777778,V,108.54271356783919
1619,396468,1101.3,V,151.04895104895107
1620,396585,1101.625,V,184.6153846153846
1621,396904,1102.5111111111112,N,67.7115987460815
1622,397091,1103.0305555555556,V,115.50802139037432
1623,397521,1104.225,N,50.23255813953489
1624,397718,1104.7722222222221,V,109.6446700507614
1625,398082,1105.7833333333333,N,59.34065934065934
1626,398314,1106.4277777777777,V,93.10344827586206
1627,398647,1107.3527777777779,V,64.86486486486486
1628,399037,1108.4361111111111,N,55.38461538461539
1629,399221,1108.9472222222223,V,117.3913043478261
1630,399576,1109.9333333333334,N,60.84507042253521
1631,399754,1110.4277777777777,V,121.34831460674157
1632,400143,1111.5083333333334,N,55.52699228791774
1633,400371,1112.1416666666667,V,94.73684210526316
1634,400771,1113.2527777777777,N,54.0
1635,400987,1113.8527777777779,V,100.0
1636,401310,1114.75,N,66.87306501547987
1637,401553,1115.425,V,88.88888888888889
1638,401839,1116.2194444444444,N,75.52447552447553
1639,402030,1116.75,V,113.08900523560209
1640,402348,1117.6333333333334,N,67.9245283018868
1641,402556,1118.2111111111112,V,103.84615384615385
1642,402724,1118.6777777777777,V,128.57142857142856
1643,403149,1119.8583333333333,N,50.8235294117647
1644,403357,1120.4361111111111,V,103.84615384615385
1645,403659,1121.275,N,71.52317880794702
1646,403844,1121.7888888888888,V,116.75675675675677
1647,404125,1122.5694444444443,N,76.86832740213524
1648,404331,1123.1416666666667,V,104.85436893203884
1649,404685,1124.125,N,61.016949152542374
1650,404899,1124.7194444444444,V,100.93457943925233
1651,405215,1125.5972222222222,N,68.35443037974683
1652,405460,1126.2777777777778,N,88.16326530612244
1653,405648,1126.8,V,114.89361702127658
1654,405929,1127.5805555555555,N,76.86832740213524
1655,406130,1128.138888888889,V,107.46268656716417
1656,406428,1128.9666666666667,N,72.48322147651007
1657,406620,1129.5,V,112.5
1658,406896,1130.2666666666667,N,78.26086956521739
1659,407075,1130.763888888889,V,120.6703910614525
1660,407450,1131.8055555555557,N,57.599999999999994
1661,407653,1132.3694444444445,V,106.4039408866995
1662,407973,1133.2583333333334,N,67.5
1663,408148,1133.7444444444445,V,123.42857142857143
1664,408325,1134.236111111111,V,122.03389830508475
1665,408537,1134.825,V,101.88679245283019
1666,408951,1135.975,N,52.173913043478265
1667,409157,1136.5472222222222,V,104.85436893203884
1668,409507,1137.5194444444444,N,61.714285714285715
1669,409703,1138.0638888888889,V,110.20408163265307
1670,409996,1138.8777777777777,N,73.72013651877133
1671,410177,1139.3805555555555,V,119.33701657458563
1672,410500,1140.2777777777778,N,66.87306501547987
1673,410689,1140.8027777777777,V,114.28571428571428
1674,411030,1141.75,N,63.34310850439883
1675,411227,1142.2972222222222,V,109.6446700507614
1676,411548,1143.1888888888889,N,67.28971962616822
1677,411739,1143.7194444444444,V,113.08900523560209
1678,412042,1144.5611111111111,N,71.2871287128713
1679,412237,1145.1027777777779,V,110.76923076923077
1680,412539,1145.9416666666666,N,71.52317880794702
1681,412726,1146.4611111111112,V,115.50802139037432
1682,413027,1147.2972222222222,N,71.76079734219269
1683,413236,1147.8777777777777,V,103.34928229665071
1684,413609,1148.9138888888888,N,57.90884718498659
1685,413807,1149.463888888889,V,109.09090909090908
1686,413979,1149.9416666666666,V,125.5813953488372
1687,414362,1151.0055555555555,N,56.39686684073107
1688,414539,1151.4972222222223,V,122.03389830508475
1689,414843,1152.3416666666667,N,71.05263157894737
1690,415105,1153.0694444444443,N,82.44274809160305
1691,415384,1153.8444444444444,N,77.41935483870968
1692,415655,1154.5972222222222,N,79.70479704797049
1693,415894,1155.2611111111112,N,90.3765690376569
1694,416153,1155.9805555555556,N,83.3976833976834
1695,416412,1156.7,N,83.3976833976834
1696,416680,1157.4444444444443,N,80.59701492537313
1697,416868,1157.9666666666667,V,114.89361702127658
1698,417132,1158.7,N,81.81818181818183
1699,417346,1159.2944444444445,V,100.93457943925233
1700,417497,1159.713888888889,V,143.04635761589404
1701,417973,1161.036111111111,N,45.378151260504204
1702,418178,1161.6055555555556,V,105.3658536585366
1703,418568,1162.6888888888889,N,55.38461538461539
1704,418782,1163.2833333333333,V,100.93457943925233
1705,419057,1164.0472222222222,N,78.54545454545455
1706,419280,1164.6666666666667,V,96.8609865470852
1707,419608,1165.5777777777778,N,65.85365853658537
1708,419895,1166.375,N,75.26132404181185
1709,420113,1166.9805555555556,V,99.08256880733946
1710,420416,1167.8222222222223,N,71.2871287128713
1711,420614,1168.3722222222223,V,109.09090909090908
1712,420898,1169.161111111111,N,76.05633802816902
1713,421085,1169.6805555555557,V,115.50802139037432
1714,421391,1170.5305555555556,N,70.58823529411765
1715,421602,1171.1166666666666,V,102.3696682464455
1716,421932,1172.0333333333333,N,65.45454545454545
1717,422128,1172.5777777777778,V,110.20408163265307
1718,422462,1173.5055555555555,N,64.67065868263472
1719,422677,1174.1027777777779,V,100.46511627906978
1720,422877,1174.6583333333333,V,108.0
1721,423246,1175.6833333333334,N,58.53658536585366
1722,423427,1176.1861111111111,V,119.33701657458563
1723,423744,1177.0666666666666,N,68.13880126182966
1724,423946,1177.6277777777777,V,106.93069306930693
1725,424280,1178.5555555555557,N,64.67065868263472
1726,424496,1179.1555555555556,V,100.0
1727,424825,1180.0694444444443,N,65.65349544072949
1728,425022,1180.6166666666666,V,109.6446700507614
1729,425300,1181.388888888889,N,77.6978417266187
1730,425487,1181.9083333333333,V,115.50802139037432
1731,425829,1182.8583333333333,N,63.15789473684211
1732,426037,1183.4361111111111,V,103.84615384615385
1733,426214,1183.9277777777777,V,122.03389830508475
1734,426624,1185.0666666666666,N,52.6829268292683
1735,426822,1185.6166666666666,V,109.09090909090908
1736,427124,1186.4555555555555,N,71.52317880794702
1737,427328,1187.0222222222221,V,105.88235294117648
1738,427632,1187.8666666666666,N,71.05263157894737
1739,427809,1188.3583333333333,V,122.03389830508475
1740,428095,1189.1527777777778,N,75.52447552447553
1741,428291,1189.6972222222223,V,110.20408163265307
1742,428620,1190.611111111111,N,65.65349544072949
1743,428850,1191.25,V,93.91304347826087
1744,429169,1192.1361111111112,N,67.7115987460815
1745,429359,1192.6638888888888,V,113.68421052631578
1746,429610,1193.361111111111,N,86.05577689243029
1747,429791,1193.8638888888888,V,119.33701657458563
1748,430116,1194.7666666666667,N,66.46153846153847
1749,430325,1195.3472222222222,V,103.34928229665071
1750,430684,1196.3444444444444,N,60.16713091922006
1751,430881,1196.8916666666667,V,109.6446700507614
1752,431196,1197.7666666666667,N,68.57142857142857
1753,431386,1198.2944444444445,V,113.68421052631578
1754,431555,1198.763888888889,V,127.81065088757397
1755,431943,1199.8416666666667,N,55.670103092783506
1756,432138,1200.3833333333334,V,110.76923076923077
1757,432419,1201.1638888888888,N,76.86832740213524
1758,432619,1201.7194444444444,V,108.0
1759,432913,1202.536111111111,N,73.46938775510205
1760,433113,1203.0916666666667,V,108.0
1761,433450,1204.0277777777778,N,64.09495548961424
1762,433656,1204.6,V,104.85436893203884
1763,433950,1205.4166666666667,N,73.46938775510205
1764,434142,1205.95,V,112.5
1765,434426,1206.7388888888888,N,76.05633802816902
1766,434634,1207.3166666666666,V,103.84615384615385
1767,434991,1208.3083333333334,N,60.50420168067227
1768,435219,1208.9416666666666,V,94.73684210526316
1769,435524,1209.7888888888888,N,70.81967213114754
1770,435713,1210.3138888888889,V,114.28571428571428
1771,436004,1211.1222222222223,N,74.22680412371133
1772,436189,1211.6361111111112,V,116.75675675675677
1773,436480,1212.4444444444443,N,74.22680412371133
1774,436696,1213.0444444444445,V,100.0
1775,436996,1213.8777777777777,N,72.0
1776,437194,1214.4277777777777,V,109.09090909090908
1777,437497,1215.2694444444444,N,71.2871287128713
1778,437710,1215.861111111111,V,101.40845070422534
1779,438002,1216.6722222222222,N,73.97260273972603
1780,438200,1217.2222222222222,V,109.09090909090908
1781,438462,1217.95,N,82.44274809160305
1782,438649,1218.4694444444444,V,115.50802139037432
1783,438938,1219.2722222222221,N,74.74048442906575
1784,439135,1219.8194444444443,V,109.6446700507614
1785,439456,1220.7111111111112,N,67.28971962616822
1786,439679,1221.3305555555555,V,96.8609865470852
1787,439985,1222.1805555555557,N,70.58823529411765
1788,440179,1222.7194444444444,V,111.34020618556701
1789,440450,1223.4722222222222,N,79.70479704797049
1790,440643,1224.0083333333334,V,111.91709844559585
1791,440942,1224.838888888889,N,72.24080267558529
1792,441146,1225.4055555555556,V,105.88235294117648
1793,441477,1226.325,N,65.25679758308158
1794,441678,1226.8833333333334,V,107.46268656716417
1795,442006,1227.7944444444445,N,65.85365853658537
1796,442199,1228.3305555555555,V,111.91709844559585
1797,442471,1229.0861111111112,N,79.41176470588235
1798,442675,1229.6527777777778,V,105.88235294117648
1799,442991,1230.5305555555556,N,68.35443037974683
1800,443183,1231.0638888888889,V,112.5
1801,443465,1231.8472222222222,N,76.59574468085107
1802,443684,1232.4555555555555,V,98.63013698630138
1803,444039,1233.4416666666666,N,60.84507042253521
1804,444241,1234.0027777777777,V,106.93069306930693
1805,444525,1234.7916666666667,N,76.05633802816902
1806,444715,1235.3194444444443,V,113.68421052631578
1807,444987,1236.075,N,79.41176470588235
1808,445164,1236.5666666666666,V,122.03389830508475
1809,445473,1237.425,N,69.90291262135922
1810,445692,1238.0333333333333,V,98.63013698630138
1811,446006,1238.9055555555556,N,68.78980891719745
1812,446215,1239.486111111111,V,103.34928229665071
1813,446498,1240.2722222222221,N,76.32508833922262
1814,446688,1240.8,V,113.68421052631578
1815,446985,1241.625,N,72.72727272727273
1816,447177,1242.1583333333333,V,112.5
1817,447475,1242.986111111111,N,72.48322147651007
1818,447669,1243.525,V,111.34020618556701
1819,447968,1244.3555555555556,N,72.24080267558529
1820,448165,1244.9027777777778,V,109.6446700507614
1821,448464,1245.7333333333333,N,72.24080267558529
1822,448666,1246.2944444444445,V,106.93069306930693
1823,448953,1247.0916666666667,N,75.26132404181185
1824,449142,1247.6166666666666,V,114.28571428571428
1825,449400,1248.3333333333333,N,83.72093023255813
1826,449589,1248.8583333333333,V,114.28571428571428
1827,449918,1249.7722222222221,N,65.65349544072949
1828,450140,1250.388888888889,V,97.29729729729729
1829,450456,1251.2666666666667,N,68.35443037974683
1830,450639,1251.775,V,118.03278688524591
1831,450899,1252.4972222222223,N,83.07692307692308
1832,451104,1253.0666666666666,V,105.3658536585366
1833,451389,1253.8583333333333,N,75.78947368421053
1834,451577,1254.3805555555555,V,114.89361702127658
1835,451885,1255.236111111111,N,70.12987012987013
1836,452076,1255.7666666666667,V,113.08900523560209
1837,452383,1256.6194444444445,N,70.35830618892508
1838,452578,1257.161111111111,V,110.76923076923077
1839,452891,1258.0305555555556,N,69.00958466453675
1840,453097,1258.6027777777779,V,104.85436893203884
1841,453379,1259.3861111111112,N,76.59574468085107
1842,453545,1259.8472222222222,V,130.12048192771084
1843,453826,1260.6277777777777,N,76.86832740213524
1844,454032,1261.2,V,104.85436893203884
1845,454300,1261.9444444444443,N,80.59701492537313
1846,454510,1262.5277777777778,V,102.85714285714285
1847,454877,1263.5472222222222,N,58.855585831062676
1848,455064,1264.0666666666666,V,115.50802139037432
1849,455366,1264.9055555555556,N,71.52317880794702
1850,455547,1265.4083333333333,V,119.33701657458563
1851,455867,1266.2972222222222,N,67.5
1852,456072,1266.8666666666666,V,105.3658536585366
1853,456405,1267.7916666666667,N,64.86486486486486
1854,456605,1268.3472222222222,V,108.0
1855,456925,1269.236111111111,N,67.5
1856,457129,1269.8027777777777,V,105.88235294117648
1857,457424,1270.6222222222223,N,73.22033898305085
1858,457616,1271.1555555555556,V,112.5
1859,457935,1272.0416666666667,N,67.7115987460815
1860,458125,1272.5694444444443,V,113.68421052631578
1861,458406,1273.35,N,76.86832740213524
1862,458605,1273.9027777777778,V,108.54271356783919
1863,458994,1274.9833333333333,N,55.52699228791774
1864,459210,1275.5833333333333,V,100.0
1865,459548,1276.5222222222221,N,63.905325443786985
1866,459722,1277.0055555555555,V,124.13793103448276
1867,459990,1277.75,N,80.59701492537313
1868,460188,1278.3,V,109.09090909090908
1869,460342,1278.7277777777779,V,140.25974025974025
1870,460793,1279.9805555555556,N,47.893569844789354
1871,461003,1280.5638888888889,V,102.85714285714285
1872,461357,1281.5472222222222,N,61.016949152542374
1873,461623,1282.286111111111,N,81.203007518797
1874,461878,1282.9944444444445,N,84.70588235294117
1875,462148,1283.7444444444445,N,80.0
1876,462392,1284.4222222222222,N,88.52459016393442
1877,462593,1284.9805555555556,V,107.46268656716417
1878,462881,1285.7805555555556,N,75.0
1879,463090,1286.361111111111,V,103.34928229665071
1880,463396,1287.2111111111112,N,70.58823529411765
1881,463603,1287.786111111111,V,104.34782608695653
1882,463797,1288.325,V,111.34020618556701
1883,464136,1289.2666666666667,N,63.716814159292035
1884,464323,1289.786111111111,V,115.50802139037432
1885,464588,1290.5222222222221,N,81.50943396226414
1886,464784,1291.0666666666666,V,110.20408163265307
1887,465100,1291.9444444444443,N,68.35443037974683
1888,465312,1292.5333333333333,V,101.88679245283019
1889,465628,1293.411111111111,N,68.35443037974683
1890,465816,1293.9333333333334,V,114.89361702127658
1891,466080,1294.6666666666667,N,81.81818181818183
1892,466278,1295.2166666666667,V,109.09090909090908
1893,466532,1295.9222222222222,N,85.03937007874015
1894,466727,1296.463888888889,V,110.76923076923077
1895,467029,1297.3027777777777,N,71.52317880794702
1896,467229,1297.8583333333333,V,108.0
1897,467528,1298.6888888888889,N,72.24080267558529
1898,467724,1299.2333333333333,V,110.20408163265307
1899,468020,1300.0555555555557,N,72.97297297297298
1900,468230,1300.638888888889,V,102.85714285714285
1901,468516,1301.4333333333334,N,75.52447552447553
1902,468708,1301.9666666666667,V,112.5
1903,468970,1302.6944444444443,N,82.44274809160305
1904,469162,1303.2277777777779,V,112.5
1905,469452,1304.0333333333333,N,74.48275862068965
1906,469678,1304.661111111111,V,95.57522123893806
1907,470008,1305.5777777777778,N,65.45454545454545
1908,470201,1306.1138888888888,V,111.91709844559585
1909,470485,1306.9027777777778,N,76.05633802816902
1910,470660,1307.388888888889,V,123.42857142857143
1911,470924,1308.1222222222223,N,81.81818181818183
1912,471133,1308.7027777777778,V,103.34928229665071
1913,471456,1309.6,N,66.87306501547987
1914,471678,1310.2166666666667,V,97.29729729729729
1915,471974,1311.0388888888888,N,72.97297297297298
1916,472164,1311.5666666666666,V,113.68421052631578
1917,472454,1312.3722222222223,N,74.48275862068965
1918,472649,1312.9138888888888,V,110.76923076923077
1919,472930,1313.6944444444443,N,76.86832740213524
1920,473125,1314.236111111111,V,110.76923076923077
1921,473411,1315.0305555555556,N,75.52447552447553
1922,473604,1315.5666666666666,V,111.91709844559585
1923,473906,1316.4055555555556,N,71.52317880794702
1924,474128,1317.0222222222221,V,97.29729729729729
1925,474420,1317.8333333333333,N,73.97260273972603
1926,474625,1318.4027777777778,V,105.3658536585366
1927,474934,1319.2611111111112,N,69.90291262135922
1928,475110,1319.75,V,122.72727272727273
1929,475434,1320.65,N,66.66666666666667
1930,475707,1321.4083333333333,N,79.12087912087912
1931,475987,1322.1861111111111,N,77.14285714285714
1932,476276,1322.9888888888888,N,74.74048442906575
1933,476540,1323.7222222222222,N,81.81818181818183
1934,476741,1324.2805555555556,A,107.46268656716417
1935,477005,1325.013888888889,N,81.81818181818183
1936,477245,1325.6805555555557,V,90.0
1937,477549,1326.525,N,71.05263157894737
1938,477757,1327.1027777777779,V,103.84615384615385
1939,478068,1327.9666666666667,N,69.45337620578778
1940,478273,1328.536111111111,V,105.3658536585366
1941,478555,1329.3194444444443,N,76.59574468085107
1942,478764,1329.9,V,103.34928229665071
1943,479117,1330.8805555555555,N,61.18980169971672
1944,479305,1331.4027777777778,V,114.89361702127658
1945,479612,1332.2555555555555,N,70.35830618892508
1946,479803,1332.786111111111,V,113.08900523560209
1947,479987,1333.2972222222222,V,117.3913043478261
1948,480410,1334.4722222222222,N,51.06382978723404
1949,480641,1335.1138888888888,V,93.5064935064935
1950,480985,1336.0694444444443,N,62.7906976744186
1951,481204,1336.6777777777777,V,98.63013698630138
1952,481475,1337.4305555555557,N,79.70479704797049
1953,481655,1337.9305555555557,V,120.0
1954,481975,1338.8194444444443,N,67.5
1955,482191,1339.4194444444445,V,100.0
1956,482484,1340.2333333333333,N,73.72013651877133
1957,482699,1340.8305555555555,V,100.46511627906978
1958,483086,1341.9055555555556,N,55.81395348837209
1959,483288,1342.4666666666667,V,106.93069306930693
1960,483631,1343.4194444444445,N,62.97376093294461
1961,483830,1343.9722222222222,V,108.54271356783919
1962,484111,1344.7527777777777,N,76.86832740213524
1963,484300,1345.2777777777778,V,114.28571428571428
1964,484605,1346.125,N,70.81967213114754
1965,484823,1346.7305555555556,V,99.08256880733946
1966,485147,1347.6305555555555,N,66.66666666666667
1967,485347,1348.1861111111111,V,108.0
1968,485627,1348.963888888889,N,77.14285714285714
1969,485800,1349.4444444444443,V,124.85549132947976
1970,486098,1350.2722222222221,N,72.48322147651007
1971,486302,1350.838888888889,V,105.88235294117648
1972,486628,1351.7444444444445,N,66.25766871165644
1973,486844,1352.3444444444444,V,100.0
1974,487122,1353.1166666666666,N,77.6978417266187
1975,487316,1353.6555555555556,V,111.34020618556701
1976,487629,1354.525,N,69.00958466453675
1977,487817,1355.0472222222222,V,114.89361702127658
1978,488120,1355.888888888889,N,71.2871287128713
1979,488363,1356.5638888888889,N,88.88888888888889
1980,488580,1357.1666666666667,A,99.53917050691244
1981,488844,1357.9,N,81.81818181818183
1982,489100,1358.611111111111,N,84.375
1983,489379,1359.3861111111112,N,77.41935483870968
1984,489639,1360.1083333333333,N,83.07692307692308
1985,489891,1360.8083333333334,N,85.71428571428572
1986,490078,1361.3277777777778,V,115.50802139037432
1987,490335,1362.0416666666667,N,84.04669260700389
1988,490551,1362.6416666666667,V,100.0
1989,490842,1363.45,N,74.22680412371133
1990,491051,1364.0305555555556,V,103.34928229665071
1991,491363,1364.8972222222221,N,69.23076923076923
1992,491562,1365.45,V,108.54271356783919
1993,491875,1366.3194444444443,N,69.00958466453675
1994,492060,1366.8333333333333,V,116.75675675675677
1995,492381,1367.725,N,67.28971962616822
1996,492579,1368.275,V,109.09090909090908
1997,492872,1369.088888888889,N,73.72013651877133
1998,493060,1369.611111111111,V,114.89361702127658
1999,493363,1370.4527777777778,N,71.2871287128713
2000,493573,1371.036111111111,V,102.85714285714285
2001,493848,1371.8,N,78.54545454545455
2002,494046,1372.35,V,109.09090909090908
2003,494346,1373.1833333333334,N,72.0
2004,494528,1373.6888888888889,V,118.68131868131869
2005,494777,1374.3805555555555,N,86.74698795180723
2006,494964,1374.9,V,115.50802139037432
2007,495285,1375.7916666666667,N,67.28971962616822
2008,495505,1376.4027777777778,V,98.18181818181817
2009,495813,1377.2583333333334,N,70.12987012987013
2010,496007,1377.7972222222222,V,111.34020618556701
2011,496274,1378.5388888888888,N,80.89887640449437
2012,496456,1379.0444444444445,V,118.68131868131869
2013,496723,1379.786111111111,N,80.89887640449437
2014,496926,1380.35,V,106.4039408866995
2015,497219,1381.1638888888888,N,73.72013651877133
2016,497424,1381.7333333333333,V,105.3658536585366
2017,497738,1382.6055555555556,N,68.78980891719745
2018,497940,1383.1666666666667,V,106.93069306930693
2019,498086,1383.5722222222223,V,147.94520547945206
2020,498473,1384.6472222222221,N,55.81395348837209
2021,498660,1385.1666666666667,V,115.50802139037432
2022,498950,1385.9722222222222,N,74.48275862068965
2023,499131,1386.475,V,119.33701657458563
2024,499399,1387.2194444444444,N,80.59701492537313
2025,499604,1387.7888888888888,V,105.3658536585366
2026,499920,1388.6666666666667,N,68.35443037974683
2027,500137,1389.2694444444444,V,99.53917050691244
2028,500445,1390.125,N,70.12987012987013
2029,500629,1390.6361111111112,V,117.3913043478261
2030,500903,1391.3972222222221,N,78.83211678832117
2031,501086,1391.9055555555556,V,118.03278688524591
2032,501343,1392.6194444444445,N,84.04669260700389
2033,501570,1393.25,V,95.15418502202644
2034,501931,1394.2527777777777,N,59.83379501385041
2035,502143,1394.8416666666667,V,101.88679245283019
2036,502433,1395.6472222222221,N,74.48275862068965
2037,502634,1396.2055555555555,V,107.46268656716417
2038,502890,1396.9166666666667,N,84.375
2039,503086,1397.4611111111112,V,110.20408163265307
2040,503383,1398.286111111111,N,72.72727272727273
2041,503575,1398.8194444444443,V,112.5
2042,503880,1399.6666666666667,N,70.81967213114754
2043,504073,1400.2027777777778,V,111.91709844559585
2044,504374,1401.0388888888888,N,71.76079734219269
2045,504603,1401.675,V,94.3231441048035
2046,504901,1402.5027777777777,N,72.48322147651007
2047,505096,1403.0444444444445,V,110.76923076923077
2048,505334,1403.7055555555555,N,90.75630252100841
2049,505520,1404.2222222222222,V,116.1290322580645
2050,505824,1405.0666666666666,N,71.05263157894737
2051,506025,1405.625,V,107.46268656716417
2052,506351,1406.5305555555556,N,66.25766871165644
2053,506580,1407.1666666666667,V,94.3231441048035
2054,506855,1407.9305555555557,N,78.54545454545455
2055,507040,1408.4444444444443,V,116.75675675675677
2056,507306,1409.1833333333334,N,81.203007518797
2057,507505,1409.736111111111,V,108.54271356783919
2058,507685,1410.236111111111,V,120.0
2059,508040,1411.2222222222222,N,60.84507042253521
2060,508239,1411.775,V,108.54271356783919
2061,508535,1412.5972222222222,N,72.97297297297298
2062,508749,1413.1916666666666,V,100.93457943925233
2063,509009,1413.9138888888888,N,83.07692307692308
2064,509199,1414.4416666666666,V,113.68421052631578
2065,509493,1415.2583333333334,V,73.46938775510205
2066,509717,1415.8805555555555,N,96.42857142857143
2067,509948,1416.5222222222221,N,93.5064935064935
2068,510163,1417.1194444444445,N,100.46511627906978
2069,510407,1417.7972222222222,N,88.52459016393442
2070,510686,1418.5722222222223,N,77.41935483870968
2071,510948,1419.3,N,82.44274809160305
2072,511200,1420.0,N,85.71428571428572
2073,511414,1420.5944444444444,N,100.93457943925233
2074,511629,1421.1916666666666,N,100.46511627906978
2075,511858,1421.8277777777778,N,94.3231441048035
2076,512050,1422.361111111111,N,112.5
2077,512220,1422.8333333333333,V,127.05882352941177
2078,512573,1423.8138888888889,N,61.18980169971672
2079,512771,1424.3638888888888,V,109.09090909090908
2080,513066,1425.1833333333334,N,73.22033898305085
2081,513253,1425.7027777777778,V,115.50802139037432
2082,513524,1426.4555555555555,N,79.70479704797049
2083,513735,1427.0416666666667,V,102.3696682464455
2084,514022,1427.838888888889,N,75.26132404181185
2085,514214,1428.3722222222223,V,112.5
2086,514481,1429.1138888888888,N,80.89887640449437
2087,514676,1429.6555555555556,V,110.76923076923077
2088,514969,1430.4694444444444,N,73.72013651877133
2089,515172,1431.0333333333333,V,106.4039408866995
2090,515473,1431.8694444444445,N,71.76079734219269
2091,515682,1432.45,V,103.34928229665071
2092,515935,1433.1527777777778,N,85.37549407114625
2093,516110,1433.638888888889,V,123.42857142857143
2094,516368,1434.3555555555556,N,83.72093023255813
2095,516578,1434.9388888888889,V,102.85714285714285
2096,516894,1435.8166666666666,N,68.35443037974683
2097,517103,1436.3972222222221,V,103.34928229665071
2098,517404,1437.2333333333333,N,71.76079734219269
2099,517610,1437.8055555555557,V,104.85436893203884
2100,517887,1438.575,N,77.9783393501805
2101,518060,1439.0555555555557,V,124.85549132947976
2102,518342,1439.838888888889,N,76.59574468085107
2103,518547,1440.4083333333333,V,105.3658536585366
2104,518839,1441.2194444444444,N,73.97260273972603
2105,519047,1441.7972222222222,V,103.84615384615385
2106,519341,1442.6138888888888,N,73.46938775510205
2107,519555,1443.2083333333333,V,100.93457943925233
2108,519868,1444.0777777777778,N,69.00958466453675
2109,520063,1444.6194444444445,V,110.76923076923077
2110,520347,1445.4083333333333,N,76.05633802816902
2111,520527,1445.9083333333333,V,120.0
2112,520786,1446.6277777777777,N,83.3976833976834
2113,520988,1447.1888888888889,V,106.93069306930693
2114,521299,1448.0527777777777,N,69.45337620578778
2115,521515,1448.6527777777778,V,100.0
2116,521848,1449.5777777777778,N,64.86486486486486
2117,522036,1450.1,V,114.89361702127658
2118,522311,1450.8638888888888,N,78.54545454545455
2119,522494,1451.3722222222223,V,118.03278688524591
2120,522792,1452.2,N,72.48322147651007
2121,522995,1452.763888888889,V,106.4039408866995
2122,523310,1453.638888888889,N,68.57142857142857
2123,523515,1454.2083333333333,V,105.3658536585366
2124,523816,1455.0444444444445,N,71.76079734219269
2125,524020,1455.611111111111,V,105.88235294117648
2126,524289,1456.3583333333333,N,80.29739776951672
2127,524487,1456.9083333333333,V,109.09090909090908
2128,524795,1457.763888888889,N,70.12987012987013
2129,524976,1458.2666666666667,V,119.33701657458563
2130,525264,1459.0666666666666,N,75.0
2131,525455,1459.5972222222222,V,113.08900523560209
2132,525766,1460.4611111111112,N,69.45337620578778
2133,525996,1461.1,V,93.91304347826087
2134,526298,1461.9388888888889,N,71.52317880794702
2135,526487,1462.463888888889,V,114.28571428571428
2136,526740,1463.1666666666667,N,85.37549407114625
2137,526924,1463.6777777777777,V,117.3913043478261
2138,527194,1464.4277777777777,N,80.0
2139,527396,1464.9888888888888,V,106.93069306930693
2140,527694,1465.8166666666666,N,72.48322147651007
2141,527918,1466.4388888888889,V,96.42857142857143
2142,528215,1467.263888888889,N,72.72727272727273
2143,528398,1467.7722222222221,V,118.03278688524591
2144,528677,1468.5472222222222,N,77.41935483870968
2145,528887,1469.1305555555555,V,102.85714285714285
2146,529157,1469.8805555555555,N,80.0
2147,529353,1470.425,V,110.20408163265307
2148,529618,1471.161111111111,N,81.50943396226414
2149,529824,1471.7333333333333,V,104.85436893203884
2150,530110,1472.5277777777778,N,75.52447552447553
2151,530298,1473.05,V,114.89361702127658
2152,530595,1473.875,N,72.72727272727273
2153,530806,1474.4611111111112,V,102.3696682464455
2154,531067,1475.1861111111111,N,82.75862068965517
2155,531250,1475.6944444444443,V,118.03278688524591
2156,531497,1476.3805555555555,N,87.4493927125506
2157,531693,1476.925,V,110.20408163265307
2158,532004,1477.7888888888888,N,69.45337620578778
2159,532212,1478.3666666666666,V,103.84615384615385
2160,532524,1479.2333333333333,N,69.23076923076923
2161,532710,1479.75,V,116.1290322580645
2162,532905,1480.2916666666667,V,110.76923076923077
2163,533195,1481.0972222222222,N,74.48275862068965
2164,533426,1481.7388888888888,N,93.5064935064935
2165,533623,1482.286111111111,V,109.6446700507614
2166,533912,1483.088888888889,N,74.74048442906575
2167,534156,1483.7666666666667,N,88.52459016393442
2168,534389,1484.4138888888888,N,92.7038626609442
2169,534625,1485.0694444444443,N,91.52542372881356
2170,534894,1485.8166666666666,N,80.29739776951672
2171,535149,1486.525,N,84.70588235294117
2172,535385,1487.1805555555557,N,91.52542372881356
2173,535600,1487.7777777777778,N,100.46511627906978
2174,535831,1488.4194444444445,N,93.5064935064935
2175,536076,1489.1,N,88.16326530612244
2176,536316,1489.7666666666667,N,90.0
2177,536584,1490.5111111111112,N,80.59701492537313
2178,536857,1491.2694444444444,N,79.12087912087912
2179,537060,1491.8333333333333,A,106.4039408866995
2180,537318,1492.55,N,83.72093023255813
2181,537499,1493.0527777777777,V,119.33701657458563
2182,537809,1493.9138888888888,N,69.6774193548387
2183,538010,1494.4722222222222,V,107.46268656716417
2184,538197,1494.9916666666666,V,115.50802139037432
2185,538432,1495.6444444444444,V,91.91489361702128
2186,538840,1496.7777777777778,N,52.94117647058824
2187,539024,1497.2888888888888,V,117.3913043478261
2188,539326,1498.1277777777777,N,71.52317880794702
2189,539554,1498.7611111111112,N,94.73684210526316
2190,539817,1499.4916666666666,N,82.12927756653993
2191,540013,1500.036111111111,V,110.20408163265307
2192,540292,1500.8111111111111,N,77.41935483870968
2193,540472,1501.3111111111111,V,120.0
2194,540779,1502.1638888888888,N,70.35830618892508
2195,541004,1502.7888888888888,V,96.0
2196,541325,1503.6805555555557,N,67.28971962616822
2197,541523,1504.2305555555556,V,109.09090909090908
2198,541797,1504.9916666666666,N,78.83211678832117
2199,541977,1505.4916666666666,V,120.0
2200,542264,1506.2888888888888,N,75.26132404181185
2201,542442,1506.7833333333333,V,121.34831460674157
2202,542769,1507.6916666666666,N,66.05504587155963
2203,543069,1508.525,N,72.0
2204,543337,1509.2694444444444,N,80.59701492537313
2205,543585,1509.9583333333333,N,87.09677419354838
2206,543795,1510.5416666666667,A,102.85714285714285
2207,544063,1511.286111111111,N,80.59701492537313
2208,544337,1512.0472222222222,N,78.83211678832117
2209,544601,1512.7805555555556,N,81.81818181818183
2210,544843,1513.4527777777778,N,89.25619834710743
2211,545105,1514.1805555555557,N,82.44274809160305
2212,545344,1514.8444444444444,V,90.3765690376569
2213,545654,1515.7055555555555,N,69.6774193548387
2214,545854,1516.2611111111112,V,108.0
2215,546235,1517.3194444444443,N,56.69291338582677
2216,546421,1517.8361111111112,V,116.1290322580645
2217,546734,1518.7055555555555,N,69.00958466453675
2218,547019,1519.4972222222223,N,75.78947368421053
2219,547316,1520.3222222222223,N,72.72727272727273
2220,547593,1521.0916666666667,N,77.9783393501805
2221,547845,1521.7916666666667,N,85.71428571428572
2222,548093,1522.4805555555556,N,87.09677419354838
2223,548298,1523.05,A,105.3658536585366
2224,548531,1523.6972222222223,A,92.7038626609442
2225,548877,1524.6583333333333,N,62.42774566473988
2226,549126,1525.35,V,86.74698795180723
2227,549292,1525.8111111111111,V,130.12048192771084
2228,549742,1527.0611111111111,N,48.0
2229,549925,1527.5694444444443,V,118.03278688524591
2230,550323,1528.675,N,54.27135678391959
2231,550591,1529.4194444444445,N,80.59701492537313
2232,550751,1529.8638888888888,V,135.0
2233,551103,1530.8416666666667,N,61.36363636363637
2234,551298,1531.3833333333334,V,110.76923076923077
2235,551664,1532.4,N,59.016393442622956
2236,551953,1533.2027777777778,N,74.74048442906575
2237,552174,1533.8166666666666,V,97.73755656108597
2238,552471,1534.6416666666667,N,72.72727272727273
2239,552654,1535.15,V,118.03278688524591
2240,552931,1535.9194444444445,N,77.9783393501805
2241,553135,1536.486111111111,V,105.88235294117648
2242,553328,1537.0222222222221,V,111.91709844559585
2243,553733,1538.1472222222221,N,53.333333333333336
2244,553927,1538.6861111111111,V,111.34020618556701
2245,554238,1539.55,N,69.45337620578778
2246,554445,1540.125,V,104.34782608695653
2247,554709,1540.8583333333333,N,81.81818181818183
2248,554898,1541.3833333333334,V,114.28571428571428
2249,555244,1542.3444444444444,N,62.42774566473988
2250,555427,1542.8527777777779,V,118.03278688524591
2251,555739,1543.7194444444444,N,69.23076923076923
2252,555949,1544.3027777777777,V,102.85714285714285
2253,556309,1545.3027777777777,N,60.0
2254,556522,1545.8944444444444,V,101.40845070422534
2255,556843,1546.786111111111,N,67.28971962616822
2256,557014,1547.2611111111112,V,126.31578947368422
2257,557303,1548.0638888888889,N,74.74048442906575
2258,557505,1548.625,V,106.93069306930693
2259,557855,1549.5972222222222,N,61.714285714285715
2260,558065,1550.1805555555557,V,102.85714285714285
2261,558428,1551.1888888888889,N,59.50413223140496
2262,558673,1551.8694444444445,N,88.16326530612244
2263,558845,1552.3472222222222,V,125.5813953488372
2264,559178,1553.2722222222221,N,64.86486486486486
2265,559391,1553.8638888888888,V,101.40845070422534
2266,559696,1554.7111111111112,N,70.81967213114754
2267,559903,1555.286111111111,V,104.34782608695653
2268,560225,1556.1805555555557,N,67.0807453416149
2269,560495,1556.9305555555557,N,80.0
2270,560700,1557.5,V,105.3658536585366
2271,561075,1558.5416666666667,N,57.599999999999994
2272,561279,1559.1083333333333,V,105.88235294117648
2273,561636,1560.1,N,60.50420168067227
2274,561819,1560.6083333333333,V,118.03278688524591
2275,562184,1561.6222222222223,N,59.178082191780824
2276,562526,1562.5722222222223,N,63.15789473684211
2277,562835,1563.4305555555557,N,69.90291262135922
2278,563115,1564.2083333333333,N,77.14285714285714
2279,563376,1564.9333333333334,N,82.75862068965517
2280,563646,1565.6833333333334,N,80.0
2281,563902,1566.3944444444444,N,84.375
2282,564174,1567.15,N,79.41176470588235
2283,564476,1567.9888888888888,N,71.52317880794702
2284,564765,1568.7916666666667,N,74.74048442906575
2285,565028,1569.5222222222221,N,82.12927756653993
2286,565290,1570.25,N,82.44274809160305
2287,565517,1570.8805555555555,A,95.15418502202644
2288,565874,1571.8722222222223,N,60.50420168067227
2289,566073,1572.425,V,108.54271356783919
2290,566428,1573.411111111111,N,60.84507042253521
2291,566636,1573.9888888888888,V,103.84615384615385
2292,567028,1575.0777777777778,N,55.102040816326536
2293,567264,1575.7333333333333,V,91.52542372881356
2294,567602,1576.6722222222222,N,63.905325443786985
2295,567819,1577.275,V,99.53917050691244
2296,567948,1577.6333333333334,V,167.44186046511626
2297,568394,1578.8722222222223,N,48.4304932735426
2298,568631,1579.5305555555556,V,91.13924050632912
2299,568957,1580.4361111111111,V,66.25766871165644
2300,569251,1581.2527777777777,N,73.46938775510205
2301,569505,1581.9583333333333,N,85.03937007874015
2302,569758,1582.661111111111,N,85.37549407114625
2303,569992,1583.3111111111111,N,92.3076923076923
2304,570239,1583.9972222222223,N,87.4493927125506
2305,570499,1584.7194444444444,N,83.07692307692308
2306,570754,1585.4277777777777,N,84.70588235294117
2307,570967,1586.0194444444444,V,101.40845070422534
2308,571238,1586.7722222222221,N,79.70479704797049
2309,571449,1587.3583333333333,V,102.3696682464455
2310,571788,1588.3,N,63.716814159292035
2311,571979,1588.8305555555555,V,113.08900523560209
2312,572260,1589.611111111111,N,76.86832740213524
2313,572482,1590.2277777777779,N,97.29729729729729
2314,572744,1590.9555555555555,N,82.44274809160305
2315,572946,1591.5166666666667,V,106.93069306930693
2316,573266,1592.4055555555556,N,67.5
2317,573488,1593.0222222222221,V,97.29729729729729
2318,573867,1594.075,N,56.992084432717675
2319,574040,1594.5555555555557,V,124.85549132947976
2320,574382,1595.5055555555555,N,63.15789473684211
2321,574581,1596.0583333333334,V,108.54271356783919
2322,574943,1597.0638888888889,N,59.668508287292816
2323,575224,1597.8444444444444,N,76.86832740213524
2324,575497,1598.6027777777779,N,79.12087912087912
2325,575785,1599.4027777777778,N,75.0
2326,576035,1600.0972222222222,N,86.4
2327,576289,1600.8027777777777,N,85.03937007874015
2328,576548,1601.5222222222221,N,83.3976833976834
2329,576783,1602.175,N,91.91489361702128
2330,577016,1602.8222222222223,N,92.7038626609442
2331,577228,1603.411111111111,A,101.88679245283019
2332,577535,1604.263888888889,N,70.35830618892508
2333,577784,1604.9555555555555,V,86.74698795180723
2334,578211,1606.1416666666667,N,50.585480093676814
2335,578387,1606.6305555555555,V,122.72727272727273
2336,578739,1607.6083333333333,N,61.36363636363637
2337,578917,1608.1027777777779,V,121.34831460674157
2338,579264,1609.0666666666666,N,62.247838616714695
2339,579521,1609.7805555555556,V,84.04669260700389
2340,579835,1610.6527777777778,N,68.78980891719745
2341,580104,1611.4,N,80.29739776951672
2342,580356,1612.1,N,85.71428571428572
2343,580627,1612.8527777777779,N,79.70479704797049
2344,580854,1613.4833333333333,N,95.15418502202644
2345,581132,1614.2555555555555,N,77.6978417266187
2346,581405,1615.013888888889,N,79.12087912087912
2347,581679,1615.775,N,78.83211678832117
2348,581957,1616.5472222222222,N,77.6978417266187
2349,582245,1617.3472222222222,N,75.0
2350,582531,1618.1416666666667,N,75.52447552447553
2351,582734,1618.7055555555555,A,106.4039408866995
2352,583082,1619.6722222222222,N,62.06896551724138
2353,583259,1620.1638888888888,V,122.03389830508475
2354,583664,1621.2888888888888,N,53.333333333333336
2355,583882,1621.8944444444444,V,99.08256880733946
2356,584303,1623.0638888888889,N,51.30641330166271
2357,584583,1623.8416666666667,N,77.14285714285714
2358,584766,1624.35,V,118.03278688524591
2359,585105,1625.2916666666667,N,63.716814159292035
2360,585325,1625.9027777777778,V,98.18181818181817
2361,585677,1626.8805555555555,N,61.36363636363637
2362,585968,1627.6888888888889,N,74.22680412371133
2363,586252,1628.4777777777779,N,76.05633802816902
2364,586525,1629.236111111111,N,79.12087912087912
2365,586765,1629.9027777777778,V,90.0
2366,586959,1630.4416666666666,V,111.34020618556701
2367,587348,1631.5222222222221,N,55.52699228791774
2368,587515,1631.986111111111,V,129.34131736526945
2369,587837,1632.8805555555555,N,67.0807453416149
2370,588036,1633.4333333333334,V,108.54271356783919
2371,588384,1634.4,N,62.06896551724138
2372,588607,1635.0194444444444,V,96.8609865470852
2373,588916,1635.8777777777777,N,69.90291262135922
2374,589183,1636.6194444444445,N,80.89887640449437
2375,589410,1637.25,N,95.15418502202644
2376,589659,1637.9416666666666,N,86.74698795180723
2377,589901,1638.6138888888888,N,89.25619834710743
2378,590185,1639.4027777777778,N,76.05633802816902
2379,590457,1640.1583333333333,N,79.41176470588235
2380,590722,1640.8944444444444,N,81.50943396226414
2381,590946,1641.5166666666667,A,96.42857142857143
2382,591296,1642.4888888888888,N,61.714285714285715
2383,591498,1643.05,V,106.93069306930693
2384,591857,1644.0472222222222,N,60.16713091922006
2385,592038,1644.55,V,119.33701657458563
2386,592396,1645.5444444444445,N,60.33519553072625
2387,592600,1646.111111111111,V,105.88235294117648
2388,593004,1647.2333333333333,N,53.46534653465346
2389,593289,1648.025,N,75.78947368421053
2390,593542,1648.7277777777779,N,85.37549407114625
2391,593762,1649.338888888889,N,98.18181818181817
2392,594013,1650.036111111111,N,86.05577689243029
2393,594247,1650.6861111111111,N,92.3076923076923
2394,594510,1651.4166666666667,N,82.12927756653993
2395,594797,1652.213888888889,N,75.26132404181185
2396,595040,1652.888888888889,N,88.88888888888889
2397,595324,1653.6777777777777,N,76.05633802816902
2398,595554,1654.3166666666666,N,93.91304347826087
2399,595796,1654.9888888888888,N,89.25619834710743
2400,596061,1655.725,N,81.50943396226414
2401,596307,1656.4083333333333,N,87.80487804878048
2402,596532,1657.0333333333333,A,96.0
2403,596881,1658.0027777777777,N,61.891117478510026
2404,597097,1658.6027777777779,V,100.0
2405,597479,1659.6638888888888,N,56.544502617801044
2406,597678,1660.2166666666667,V,108.54271356783919
2407,598039,1661.2194444444444,N,59.83379501385041
2408,598256,1661.8222222222223,V,99.53917050691244
2409,598558,1662.661111111111,N,71.52317880794702
2410,598863,1663.5083333333334,N,70.81967213114754
2411,599192,1664.4222222222222,N,65.65349544072949
2412,599491,1665.2527777777777,N,72.24080267558529
2413,599714,1665.8722222222223,V,96.8609865470852
2414,599992,1666.6444444444444,N,77.6978417266187
2415,600193,1667.2027777777778,V,107.46268656716417
2416,600452,1667.9222222222222,N,83.3976833976834
2417,600653,1668.4805555555556,V,107.46268656716417
2418,601063,1669.6194444444445,N,52.6829268292683
2419,601266,1670.1833333333334,V,106.4039408866995
2420,601667,1671.2972222222222,N,53.86533665835411
2421,601954,1672.0944444444444,N,75.26132404181185
2422,602239,1672.8861111111112,N,75.78947368421053
2423,602450,1673.4722222222222,A,102.3696682464455
2424,602726,1674.2388888888888,N,78.26086956521739
2425,602931,1674.8083333333334,V,105.3658536585366
2426,603345,1675.9583333333333,N,52.173913043478265
2427,603544,1676.5111111111112,V,108.54271356783919
2428,603938,1677.6055555555556,N,54.8223350253807
2429,604224,1678.4,N,75.52447552447553
2430,604400,1678.888888888889,V,122.72727272727273
2431,604575,1679.375,V,123.42857142857143
2432,604960,1680.4444444444443,N,56.103896103896105
2433,605186,1681.0722222222223,V,95.57522123893806
2434,605559,1682.1083333333333,N,57.90884718498659
2435,605873,1682.9805555555556,N,68.78980891719745
2436,606138,1683.7166666666667,N,81.50943396226414
2437,606362,1684.338888888889,N,96.42857142857143
2438,606654,1685.15,N,73.97260273972603
2439,606860,1685.7222222222222,V,104.85436893203884
2440,607288,1686.911111111111,N,50.467289719626166
2441,607486,1687.4611111111112,V,109.09090909090908
2442,607873,1688.536111111111,N,55.81395348837209
2443,608176,1689.3777777777777,N,71.2871287128713
2444,608472,1690.2,N,72.97297297297298
2445,608731,1690.9194444444445,N,83.3976833976834
2446,608969,1691.5805555555555,N,90.75630252100841
2447,609168,1692.1333333333334,A,108.54271356783919
2448,609510,1693.0833333333333,N,63.15789473684211
2449,609708,1693.6333333333334,V,109.09090909090908
2450,610114,1694.7611111111112,N,53.20197044334975
2451,610321,1695.3361111111112,V,104.34782608695653
2452,610684,1696.3444444444444,N,59.50413223140496
2453,610943,1697.0638888888889,N,83.3976833976834
2454,611223,1697.8416666666667,N,77.14285714285714
2455,611507,1698.6305555555555,N,76.05633802816902
2456,611799,1699.4416666666666,N,73.97260273972603
2457,612078,1700.2166666666667,N,77.41935483870968
2458,612363,1701.0083333333334,N,75.78947368421053
2459,612636,1701.7666666666667,N,79.12087912087912
2460,612903,1702.5083333333334,N,80.89887640449437
2461,613161,1703.225,N,83.72093023255813
2462,613403,1703.8972222222221,N,89.25619834710743
2463,613650,1704.5833333333333,N,87.4493927125506
2464,613889,1705.2472222222223,N,90.3765690376569
2465,614114,1705.8722222222223,N,96.0
2466,614421,1706.725,N,70.35830618892508
2467,614650,1707.361111111111,V,94.3231441048035
2468,615031,1708.4194444444445,N,56.69291338582677
2469,615212,1708.9222222222222,V,119.33701657458563
2470,615545,1709.8472222222222,N,64.86486486486486
2471,615798,1710.55,N,85.37549407114625
2472,616036,1711.2111111111112,V,90.75630252100841
2473,616351,1712.0861111111112,N,68.57142857142857
2474,616631,1712.8638888888888,N,77.14285714285714
2475,616815,1713.375,V,117.3913043478261
2476,617127,1714.2416666666666,N,69.23076923076923
2477,617361,1714.8916666666667,V,92.3076923076923
2478,617646,1715.6833333333334,N,75.78947368421053
2479,617906,1716.4055555555556,N,83.07692307692308
2480,618102,1716.95,V,110.20408163265307
2481,618253,1717.3694444444445,V,143.04635761589404
2482,618631,1718.4194444444445,N,57.14285714285714
2483,618850,1719.0277777777778,V,98.63013698630138
2484,619181,1719.9472222222223,N,65.25679758308158
2485,619438,1720.661111111111,N,84.04669260700389
2486,619674,1721.3166666666666,N,91.52542372881356
2487,619886,1721.9055555555556,N,101.88679245283019
2488,620138,1722.6055555555556,N,85.71428571428572
2489,620421,1723.3916666666667,N,76.32508833922262
2490,620693,1724.1472222222221,N,79.41176470588235
2491,620981,1724.9472222222223,N,75.0
2492,621196,1725.5444444444445,A,100.46511627906978
2493,621474,1726.3166666666666,N,77.6978417266187
2494,621730,1727.0277777777778,N,84.375
2495,621993,1727.7583333333334,N,82.12927756653993
2496,622258,1728.4944444444445,N,81.50943396226414
2497,622522,1729.2277777777779,N,81.81818181818183
2498,622748,1729.8555555555556,N,95.57522123893806
2499,623102,1730.838888888889,N,61.016949152542374
2500,623314,1731.4277777777777,V,101.88679245283019
2501,623708,1732.5222222222221,N,54.8223350253807
2502,623900,1733.0555555555557,V,112.5
2503,624236,1733.9888888888888,N,64.28571428571428
2504,624501,1734.725,N,81.50943396226414
2505,624776,1735.4888888888888,N,78.54545454545455
2506,625017,1736.1583333333333,N,89.62655601659752
2507,625359,1737.1083333333333,N,63.15789473684211
2508,625578,1737.7166666666667,V,98.63013698630138
2509,625940,1738.7222222222222,N,59.668508287292816
2510,626111,1739.1972222222223,V,126.31578947368422
2511,626472,1740.2,N,59.83379501385041
2512,626685,1740.7916666666667,V,101.40845070422534
2513,627066,1741.85,N,56.69291338582677
2514,627352,1742.6444444444444,N,75.52447552447553
2515,627626,1743.4055555555556,N,78.83211678832117
2516,627857,1744.0472222222222,A,93.5064935064935
2517,628158,1744.8833333333334,N,71.76079734219269
2518,628371,1745.475,V,101.40845070422534
2519,628678,1746.3277777777778,N,70.35830618892508
2520,628879,1746.8861111111112,V,107.46268656716417
2521,629170,1747.6944444444443,N,74.22680412371133
2522,629380,1748.2777777777778,V,102.85714285714285
2523,629775,1749.375,N,54.68354430379746
2524,629977,1749.9361111111111,V,106.93069306930693
2525,630287,1750.7972222222222,N,69.6774193548387
2526,630469,1751.3027777777777,V,118.68131868131869
2527,630762,1752.1166666666666,N,73.72013651877133
2528,630945,1752.625,V,118.03278688524591
2529,631269,1753.525,N,66.66666666666667
2530,631558,1754.3277777777778,N,74.74048442906575
2531,631804,1755.0111111111112,N,87.80487804878048
2532,632069,1755.7472222222223,N,81.50943396226414
2533,632305,1756.4027777777778,N,91.52542372881356
2534,632555,1757.0972222222222,N,86.4
2535,632816,1757.8222222222223,N,82.75862068965517
2536,633052,1758.4777777777779,N,91.52542372881356
2537,633314,1759.2055555555555,N,82.44274809160305
2538,633585,1759.9583333333333,N,79.70479704797049
2539,633871,1760.7527777777777,N,75.52447552447553
2540,634140,1761.5,N,80.29739776951672
2541,634370,1762.138888888889,A,93.91304347826087
2542,634733,1763.1472222222221,N,59.50413223140496
2543,634923,1763.675,V,113.68421052631578
2544,635279,1764.6638888888888,N,60.674157303370784
2545,635584,1765.5111111111112,N,70.81967213114754
2546,635907,1766.4083333333333,N,66.87306501547987
2547,636211,1767.2527777777777,N,71.05263157894737
2548,636479,1767.9972222222223,N,80.59701492537313
2549,636702,1768.6166666666666,V,96.8609865470852
2550,636995,1769.4305555555557,N,73.72013651877133
2551,637191,1769.975,V,110.20408163265307
2552,637549,1770.9694444444444,N,60.33519553072625
2553,637753,1771.536111111111,V,105.88235294117648
2554,638125,1772.5694444444443,N,58.06451612903225
2555,638346,1773.1833333333334,V,97.73755656108597
2556,638677,1774.1027777777779,N,65.25679758308158
2557,638952,1774.8666666666666,N,78.54545454545455
2558,639202,1775.5611111111111,N,86.4
2559,639434,1776.2055555555555,N,93.10344827586206
2560,639679,1776.8861111111112,N,88.16326530612244
2561,639921,1777.5583333333334,N,89.25619834710743
2562,640213,1778.3694444444445,N,73.97260273972603
2563,640461,1779.0583333333334,V,87.09677419354838
2564,640806,1780.0166666666667,N,62.608695652173914
2565,640995,1780.5416666666667,V,114.28571428571428
2566,641291,1781.3638888888888,N,72.97297297297298
2567,641474,1781.8722222222223,V,118.03278688524591
2568,641835,1782.875,N,59.83379501385041
2569,642077,1783.5472222222222,V,89.25619834710743
2570,642421,1784.5027777777777,N,62.7906976744186
2571,642690,1785.25,N,80.29739776951672
2572,642945,1785.9583333333333,N,84.70588235294117
2573,643198,1786.661111111111,N,85.37549407114625
2574,643456,1787.3777777777777,N,83.72093023255813
2575,643711,1788.0861111111112,N,84.70588235294117
2576,643959,1788.775,N,87.09677419354838
2577,644208,1789.4666666666667,N,86.74698795180723
2578,644466,1790.1833333333334,N,83.72093023255813
2579,644744,1790.9555555555555,N,77.6978417266187
2580,645027,1791.7416666666666,N,76.32508833922262
2581,645277,1792.4361111111111,N,86.4
2582,645522,1793.1166666666666,N,88.16326530612244
2583,645743,1793.7305555555556,N,97.73755656108597
2584,645988,1794.411111111111,N,88.16326530612244
2585,646206,1795.0166666666667,V,99.08256880733946
2586,646510,1795.861111111111,N,71.05263157894737
2587,646799,1796.6638888888888,N,74.74048442906575
2588,647074,1797.4277777777777,N,78.54545454545455
2589,647299,1798.0527777777777,V,96.0
2590,647545,1798.736111111111,N,87.80487804878048
2591,647726,1799.2388888888888,V,119.33701657458563
2592,648089,1800.2472222222223,N,59.50413223140496
2593,648356,1800.9888888888888,N,80.89887640449437
2594,648629,1801.7472222222223,N,79.12087912087912
2595,648899,1802.4972222222223,N,80.0
2596,649161,1803.225,N,82.44274809160305
2597,649408,1803.911111111111,N,87.4493927125506
2598,649664,1804.6222222222223,N,84.375
2599,649927,1805.3527777777779,N,82.12927756653993
